customer_id,customer_name,customer_email,loyalty_tier,signup_date,updated_at
CUST-00001,William Stanton,catherine30@example.com,platinum,2026-02-28,2026-03-19 09:35:00
CUST-00002,Reginald Maldonado,april20@example.org,silver,2025-02-28,2025-03-26 04:41:00
CUST-00003,Steven Perez,danmartin@example.org,bronze,2026-01-13,2026-02-06 22:39:00
CUST-00004,Wyatt Hines,christinaparker@example.net,bronze,2025-01-21,2025-02-06 02:06:00
CUST-00005,Alexandra Ward,annadominguez@example.com,bronze,2026-04-10,2026-04-22 02:02:00
CUST-00006,Nichole Henry,ucopeland@example.org,bronze,2025-06-03,2025-06-08 00:46:00
CUST-00007,Emily Hill,chasesmith@example.com,silver,2026-06-08,2026-06-20 20:50:00
CUST-00008,James Robbins,dgarcia@example.org,silver,2026-02-10,2026-02-19 14:49:00
CUST-00009,Brian Morris,timothymoore@example.net,bronze,2025-10-16,2025-10-27 03:50:00
CUST-00010,Denise Bell,campbellchristopher@example.net,gold,2025-02-11,2025-03-06 18:25:00
CUST-00011,Dr. Heather Mccoy,bankselizabeth@example.com,gold,2026-01-01,2026-01-16 01:23:00
CUST-00012,Johnathan Matthews,danielherrera@example.org,silver,2025-07-23,2025-08-02 13:58:00
CUST-00013,Kathleen Jarvis,victorpollard@example.com,platinum,2026-05-24,2026-06-09 15:27:00
CUST-00014,Teresa Maldonado,kristensmith@example.org,bronze,2026-01-14,2026-01-28 21:37:00
CUST-00015,Jody Williams DVM,robertsonshannon@example.org,gold,2025-10-18,2025-11-17 11:45:00
CUST-00016,Amanda Elliott,banksjoseph@example.net,silver,2025-01-02,2025-01-08 10:54:00
CUST-00017,Mrs. Jennifer Jackson,normandonald@example.org,bronze,2026-09-02,2026-09-08 20:40:00
CUST-00018,Rebecca Howard,whoward@example.net,platinum,2025-05-20,2025-06-10 00:50:00
CUST-00019,Christopher Sexton,glucas@example.org,bronze,2025-03-31,2025-04-24 15:57:00
CUST-00020,Luke King,zblack@example.org,bronze,2026-08-21,2026-09-15 15:49:00
CUST-00021,Lori Suarez,samanthacarter@example.net,silver,2024-12-31,2025-01-24 12:30:00
CUST-00022,Vickie Peterson,imcfarland@example.com,silver,2026-08-26,2026-09-03 03:24:00
CUST-00023,Monica Berg,mramirez@example.com,silver,2026-01-09,2026-01-15 08:26:00
CUST-00024,Cory Walker,zwilkins@example.org,gold,2026-06-02,2026-06-06 02:26:00
CUST-00025,Steven Ramirez,kayladavis@example.org,platinum,2025-01-09,2025-01-14 08:44:00
CUST-00026,Dr. Robert Baker,thorntonjames@example.org,gold,2025-04-30,2025-05-30 10:42:00
CUST-00027,Zachary Collins,hgibson@example.com,platinum,2024-10-26,2024-11-22 17:10:00
CUST-00028,Mia Jackson,kyoder@example.org,bronze,2026-04-13,2026-05-03 01:31:00
CUST-00029,Robin Moore,ryan78@example.com,silver,2026-05-28,2026-06-03 07:23:00
CUST-00030,Scott Montgomery,morrissarah@example.org,silver,2025-10-14,2025-11-07 22:05:00
CUST-00031,Crystal Cruz,lgoodwin@example.com,gold,2025-02-22,2025-02-26 20:19:00
CUST-00032,Jean Barnes,zelliott@example.org,bronze,2025-01-18,2025-01-23 19:40:00
CUST-00033,Mary Vargas MD,egarza@example.com,bronze,2025-05-27,2025-06-23 21:11:00
CUST-00034,Jonathan Massey,alan47@example.net,gold,2026-09-01,2026-09-12 02:28:00
CUST-00035,Jonathan Simmons,mlucas@example.com,bronze,2025-04-29,2025-05-29 02:34:00
CUST-00036,Gabriel Nelson,loridavis@example.org,bronze,2025-09-28,2025-09-29 00:38:00
CUST-00037,William Lewis,rebeccacompton@example.org,bronze,2025-07-09,2025-07-15 08:19:00
CUST-00038,Jessica Osborne,lisa54@example.net,gold,2025-12-15,2025-12-21 06:21:00
CUST-00039,Scott Kim,wbarker@example.net,gold,2025-05-10,2025-06-05 07:27:00
CUST-00040,Elizabeth Sutton,joseph78@example.com,gold,2025-04-23,2025-05-09 04:56:00
CUST-00041,Shannon Perez,landerson@example.org,silver,2026-04-20,2026-05-15 00:42:00
CUST-00042,Debra Perkins,john49@example.net,bronze,2026-04-10,2026-05-07 14:39:00
CUST-00043,Debra Novak,evelynrocha@example.com,bronze,2025-05-01,2025-05-07 02:52:00
CUST-00044,Mrs. Christina Salazar,unelson@example.com,platinum,2025-01-26,2025-02-25 11:43:00
CUST-00045,Jerry Alexander,jamesolson@example.com,bronze,2025-09-13,2025-09-20 13:53:00
CUST-00046,Pamela Browning,stephen82@example.net,platinum,2025-08-13,2025-08-17 11:08:00
CUST-00047,Lisa Choi,lopezchristina@example.com,silver,2026-09-04,2026-09-23 02:03:00
CUST-00048,Alicia Krause,valenzuelanathan@example.net,bronze,2026-03-06,2026-03-21 22:54:00
CUST-00049,Gregory Mcdonald,ycarlson@example.net,gold,2026-06-11,2026-06-19 00:56:00
CUST-00050,Tanya Taylor,mathewmitchell@example.net,bronze,2025-11-10,2025-11-11 21:15:00
CUST-00051,Donald Wyatt,lorettabishop@example.net,platinum,2026-09-05,2026-09-14 15:33:00
CUST-00052,Gregory Williamson,charles81@example.net,silver,2025-07-11,2025-07-23 11:31:00
CUST-00053,Anne Martin,fnelson@example.net,bronze,2025-04-01,2025-05-01 01:16:00
CUST-00054,Kevin Hunt,justinreynolds@example.org,bronze,2025-05-07,2025-05-10 21:24:00
CUST-00055,Steve Fritz,scottanthony@example.com,gold,2025-03-31,2025-04-19 18:51:00
CUST-00056,Lauren Armstrong,torresangel@example.net,bronze,2025-01-11,2025-01-26 13:33:00
CUST-00057,Earl Henderson,heathergreen@example.com,gold,2025-03-30,2025-04-12 09:33:00
CUST-00058,Ryan Soto,pattersonstephanie@example.com,bronze,2024-12-29,2025-01-03 21:17:00
CUST-00059,Maureen Matthews,sharon62@example.net,bronze,2025-05-19,2025-06-13 20:24:00
CUST-00060,Anthony Scott,gary26@example.net,silver,2025-08-26,2025-09-07 03:28:00
CUST-00061,Anna Huber,sandovaljulie@example.net,bronze,2025-02-08,2025-02-14 10:25:00
CUST-00062,Jonathan Dean,maria73@example.com,platinum,2025-07-21,2025-08-08 14:27:00
CUST-00063,Angela Chavez,lauren04@example.org,silver,2026-01-21,2026-02-17 23:18:00
CUST-00064,Tristan Gordon,mwerner@example.com,platinum,2025-08-15,2025-09-02 01:07:00
CUST-00065,Tiffany Cooper,shepardtiffany@example.net,silver,2025-05-03,2025-05-16 05:52:00
CUST-00066,Michael Jones,christinestevens@example.org,gold,2025-09-27,2025-10-21 00:28:00
CUST-00067,Adam Prince,jeremy99@example.org,gold,2025-09-16,2025-10-06 23:09:00
CUST-00068,Michelle Jackson,qpetty@example.net,silver,2024-10-31,2024-11-04 15:29:00
CUST-00069,William Thompson,martinmaria@example.com,gold,2025-04-24,2025-05-14 08:33:00
CUST-00070,Angelica Brown,donaldsonamanda@example.net,bronze,2026-07-18,2026-08-08 04:08:00
CUST-00071,Zachary Morgan,jenkinsjennifer@example.net,gold,2025-10-24,2025-10-26 15:50:00
CUST-00072,Douglas Byrd,bryanrodriguez@example.com,bronze,2025-07-05,2025-07-11 22:40:00
CUST-00073,Sonya Maldonado,staceyhale@example.net,bronze,2026-02-18,2026-03-12 19:02:00
CUST-00074,Jennifer Brown,kherrera@example.com,gold,2026-06-20,2026-07-20 09:41:00
CUST-00075,Elizabeth Ayala,aprilsantiago@example.com,bronze,2024-12-15,2025-01-02 07:03:00
CUST-00076,Susan Taylor,shernandez@example.org,silver,2025-09-18,2025-10-15 15:27:00
CUST-00077,Jon Davis,katrina46@example.net,silver,2026-08-29,2026-09-20 09:32:00
CUST-00078,Joanna Allen,gailkennedy@example.net,platinum,2026-09-05,2026-09-14 12:22:00
CUST-00079,William Simmons,debbierussell@example.net,bronze,2024-10-23,2024-10-30 03:25:00
CUST-00080,Janet Stewart,melissasimpson@example.com,silver,2025-05-30,2025-06-26 07:32:00
CUST-00081,Jessica Miranda,millerjacob@example.net,silver,2025-12-30,2026-01-03 16:11:00
CUST-00082,Isaiah Hester,kathryn71@example.net,silver,2026-03-13,2026-03-21 18:52:00
CUST-00083,Matthew Cochran,molsen@example.net,platinum,2025-04-06,2025-04-13 05:17:00
CUST-00084,Patrick Wall,smithjulie@example.org,gold,2024-10-28,2024-10-29 15:21:00
CUST-00085,Joseph Johnson,bfuller@example.org,bronze,2025-12-23,2026-01-01 00:50:00
CUST-00086,Nicholas Roberts,anna81@example.org,silver,2025-12-31,2026-01-25 23:49:00
CUST-00087,David Brown,carrie13@example.net,bronze,2025-01-04,2025-01-14 09:43:00
CUST-00088,Charles Ross,henryromero@example.com,silver,2025-08-03,2025-08-17 09:53:00
CUST-00089,Dr. Courtney Carter,oliviawashington@example.com,gold,2026-09-17,2026-10-05 17:48:00
CUST-00090,Rachel Stokes,barbarajohnson@example.com,bronze,2025-06-27,2025-07-27 14:10:00
CUST-00091,Jessica Barnes,jennifer04@example.net,bronze,2025-03-25,2025-04-11 03:03:00
CUST-00092,Andrew Callahan,jonray@example.org,platinum,2026-02-02,2026-02-18 04:59:00
CUST-00093,Elizabeth Smith,ywashington@example.com,silver,2026-09-08,2026-09-23 18:45:00
CUST-00094,Brandon Wade,deanna05@example.org,silver,2025-01-14,2025-01-28 16:59:00
CUST-00095,Raymond Bell,thomas16@example.net,platinum,2025-01-24,2025-02-04 07:54:00
CUST-00096,John Jimenez,tiffany03@example.org,gold,2026-03-12,2026-04-11 04:42:00
CUST-00097,Kathryn Carter,moniquewright@example.com,silver,2025-06-02,2025-06-27 19:34:00
CUST-00098,Maria Cruz,tiffanykelly@example.org,platinum,2025-07-21,2025-07-31 19:59:00
CUST-00099,Tamara Evans,scott55@example.org,silver,2025-07-24,2025-08-21 14:14:00
CUST-00100,Bailey Todd,nclay@example.net,bronze,2025-12-17,2026-01-02 09:06:00
CUST-00101,Jocelyn Ramos,maria27@example.com,silver,2026-04-03,2026-04-17 01:21:00
CUST-00102,Morgan Rodriguez,dickersonmichael@example.org,silver,2026-01-19,2026-01-27 12:03:00
CUST-00103,Janice Gill,mmccoy@example.org,bronze,2026-07-13,2026-07-31 04:25:00
CUST-00104,Peggy Perez,hendersonbryan@example.org,bronze,2024-12-26,2025-01-11 20:47:00
CUST-00105,Kevin Flores,ericneal@example.org,bronze,2025-05-28,2025-06-13 15:04:00
CUST-00106,Kristen Marsh,aliciamoore@example.org,bronze,2025-11-14,2025-12-10 22:23:00
CUST-00107,Stacy Campbell,andrewskathleen@example.net,silver,2026-04-05,2026-04-08 14:26:00
CUST-00108,Katherine Welch,dmoreno@example.org,gold,2025-09-06,2025-09-10 19:04:00
CUST-00109,William Rice,friddle@example.net,bronze,2024-12-31,2025-01-22 21:44:00
CUST-00110,Susan Russell,william32@example.net,gold,2025-05-23,2025-06-18 19:23:00
CUST-00111,Michael Luna,ashleysuarez@example.net,bronze,2026-07-29,2026-08-28 14:15:00
CUST-00112,Kristin Bautista,pjensen@example.com,bronze,2025-04-14,2025-04-27 23:00:00
CUST-00113,William Lopez,rharmon@example.org,bronze,2024-11-16,2024-11-23 19:16:00
CUST-00114,Jonathan Blair,anne84@example.com,gold,2025-08-04,2025-08-24 20:06:00
CUST-00115,Linda Donaldson,sandersgary@example.org,platinum,2026-06-01,2026-06-27 10:10:00
CUST-00116,Jeremy Cross,hatfieldmonica@example.com,platinum,2025-06-14,2025-07-11 00:18:00
CUST-00117,Brandon Solomon,canderson@example.org,silver,2025-03-20,2025-03-24 12:44:00
CUST-00118,Michelle Sparks,davidgarcia@example.org,bronze,2025-04-03,2025-04-11 12:20:00
CUST-00119,Meagan Jackson,spencerhelen@example.org,bronze,2025-01-05,2025-01-29 14:50:00
CUST-00120,Eric Hines,sarah73@example.com,bronze,2025-07-15,2025-07-31 06:24:00
CUST-00121,Patrick Castro,belltammy@example.net,silver,2024-11-11,2024-12-04 06:56:00
CUST-00122,Tristan Lowe,gduffy@example.org,platinum,2024-12-26,2025-01-25 07:54:00
CUST-00123,Jonathan Odom,shannonbarr@example.org,gold,2024-12-25,2025-01-20 17:08:00
CUST-00124,Jessica Hayes,coxdavid@example.com,bronze,2025-07-13,2025-08-06 09:08:00
CUST-00125,William Thomas,sara69@example.net,bronze,2026-07-04,2026-08-02 09:52:00
CUST-00126,Richard Velazquez,clarkleah@example.com,bronze,2024-10-24,2024-10-27 22:44:00
CUST-00127,Terry Gardner,gonzalezwhitney@example.com,silver,2026-03-13,2026-03-14 07:45:00
CUST-00128,Maria Pham,ucunningham@example.net,bronze,2025-01-20,2025-01-30 09:01:00
CUST-00129,Makayla Taylor,tmorales@example.com,gold,2026-08-29,2026-09-28 06:03:00
CUST-00130,John Buchanan,justingomez@example.net,platinum,2025-07-04,2025-07-04 07:39:00
CUST-00131,David Anderson,pgibson@example.org,silver,2026-07-08,2026-07-22 02:47:00
CUST-00132,Alexandra Garcia,philliprogers@example.org,bronze,2025-01-16,2025-02-10 19:50:00
CUST-00133,Denise Russell,lozanobrooke@example.org,silver,2025-04-24,2025-05-12 14:46:00
CUST-00134,Jonathan Taylor,jason55@example.org,gold,2025-02-19,2025-03-06 17:09:00
CUST-00135,Sandra Savage,xnunez@example.org,silver,2026-04-06,2026-04-21 09:15:00
CUST-00136,Sean Campbell,michael78@example.org,bronze,2026-01-05,2026-01-05 00:41:00
CUST-00137,Katelyn Thomas,ohendricks@example.com,bronze,2026-03-31,2026-04-02 00:05:00
CUST-00138,Dean Duke,romerokristin@example.net,silver,2025-07-08,2025-07-20 15:08:00
CUST-00139,Natalie Johnson,jeffery18@example.com,bronze,2026-07-29,2026-07-31 00:07:00
CUST-00140,Carrie Brown,uharding@example.net,bronze,2025-03-21,2025-04-15 05:21:00
CUST-00141,Veronica Ramirez,xjacobs@example.org,silver,2025-10-11,2025-11-02 14:56:00
CUST-00142,Donald Vargas,ydavis@example.net,bronze,2024-12-23,2024-12-28 06:41:00
CUST-00143,David Martin,davidedwards@example.net,bronze,2024-10-30,2024-11-02 10:45:00
CUST-00144,Larry Allen,fmurray@example.net,silver,2025-05-29,2025-06-02 14:14:00
CUST-00145,Yolanda Wilson,qjames@example.net,bronze,2024-10-26,2024-11-25 23:02:00
CUST-00146,Jeremy Davis,rrivera@example.org,silver,2024-11-11,2024-11-29 06:17:00
CUST-00147,Donald Williams,matthew85@example.org,gold,2026-07-31,2026-08-19 09:21:00
CUST-00148,Kayla Newman,kallen@example.net,bronze,2025-02-18,2025-03-05 11:26:00
CUST-00149,Stephen Brooks,robertsalazar@example.net,gold,2025-02-03,2025-02-15 04:42:00
CUST-00150,Tony Reed,jameswallace@example.net,bronze,2025-01-11,2025-01-18 00:10:00
CUST-00151,Jillian Valdez,heathcassandra@example.com,silver,2024-11-06,2024-12-05 12:43:00
CUST-00152,Alan Burton,josephrodriguez@example.org,bronze,2026-05-05,2026-05-14 00:32:00
CUST-00153,Brent Hernandez,pamela69@example.org,silver,2026-03-15,2026-03-17 12:27:00
CUST-00154,Jennifer Thompson,sheltonjennifer@example.org,silver,2025-10-13,2025-10-25 07:43:00
CUST-00155,Terry Frost,ylopez@example.net,silver,2025-02-19,2025-02-26 06:33:00
CUST-00156,Mrs. Samantha Newton,christina84@example.com,gold,2025-04-10,2025-04-12 19:17:00
CUST-00157,Teresa Herring,christopherfrank@example.com,platinum,2025-02-08,2025-02-21 16:01:00
CUST-00158,Alyssa Garcia,craigkara@example.com,gold,2025-02-12,2025-02-14 18:19:00
CUST-00159,David Scott,cody76@example.org,bronze,2025-01-10,2025-01-20 02:14:00
CUST-00160,Kathryn Clarke,garciawendy@example.com,bronze,2024-11-17,2024-12-06 04:28:00
CUST-00161,Steven Davis,kristenallen@example.org,silver,2025-05-04,2025-05-15 20:08:00
CUST-00162,Joshua Johnson,gboone@example.net,bronze,2025-06-29,2025-07-04 20:53:00
CUST-00163,Robert Brock,davidparker@example.net,silver,2024-11-02,2024-11-12 06:44:00
CUST-00164,James Nunez,espinozaandrew@example.org,gold,2025-10-16,2025-10-18 19:19:00
CUST-00165,Kathy Smith,wjohnson@example.net,silver,2024-11-05,2024-11-30 19:08:00
CUST-00166,Crystal Nguyen,psuarez@example.com,gold,2025-06-27,2025-07-23 02:20:00
CUST-00167,Curtis Murray,brandy61@example.net,silver,2025-05-23,2025-06-05 04:07:00
CUST-00168,Linda Carrillo,katie06@example.com,gold,2025-02-03,2025-02-07 22:00:00
CUST-00169,Cynthia Gibson,gibsonashley@example.net,silver,2026-04-19,2026-04-19 21:52:00
CUST-00170,Susan Young,beltrancindy@example.com,bronze,2026-01-28,2026-01-31 11:20:00
CUST-00171,Jeffrey Lucas,arodriguez@example.com,bronze,2025-12-05,2025-12-11 09:14:00
CUST-00172,Ashley Moore,narnold@example.com,gold,2025-04-24,2025-05-11 15:24:00
CUST-00173,Mary Harrison,jasonstark@example.net,bronze,2026-05-19,2026-06-08 22:56:00
CUST-00174,Margaret Harper,amy76@example.net,silver,2026-07-30,2026-08-26 21:44:00
CUST-00175,Ebony Snyder,odavis@example.org,silver,2026-06-01,2026-06-20 03:46:00
CUST-00176,Kimberly Perez,angel95@example.org,silver,2026-05-01,2026-05-25 18:35:00
CUST-00177,Bradley Bray,owensmary@example.net,silver,2026-01-14,2026-01-29 18:31:00
CUST-00178,Jennifer Bean,howelldavid@example.net,bronze,2025-02-05,2025-02-14 00:37:00
CUST-00179,Brenda Hayes,pamelahughes@example.org,gold,2025-12-24,2026-01-15 19:04:00
CUST-00180,Thomas Reynolds,christinerogers@example.org,gold,2026-01-05,2026-01-30 06:46:00
CUST-00181,Anthony Hester,tbeasley@example.net,bronze,2025-04-05,2025-04-19 16:24:00
CUST-00182,Edward Rhodes,michaellogan@example.net,silver,2025-09-05,2025-09-18 00:16:00
CUST-00183,Heather Cook,dunnlauren@example.com,gold,2026-02-22,2026-03-23 14:15:00
CUST-00184,Christina Harris,johnnygriffin@example.com,gold,2025-12-25,2026-01-08 04:44:00
CUST-00185,Matthew Herman,christine35@example.org,platinum,2025-12-02,2025-12-28 17:44:00
CUST-00186,Lucas Garcia,anthonysanchez@example.org,bronze,2026-02-05,2026-02-19 14:01:00
CUST-00187,Tracy Adams,pweeks@example.com,silver,2025-05-15,2025-05-31 12:10:00
CUST-00188,Janice Walsh,wandaedwards@example.net,bronze,2026-06-27,2026-07-17 12:18:00
CUST-00189,Diane Morgan,jillnguyen@example.org,platinum,2026-01-17,2026-01-31 23:37:00
CUST-00190,Jessica Carr,smithcolleen@example.com,silver,2025-10-06,2025-10-16 00:38:00
CUST-00191,Jesse Jimenez,medinabenjamin@example.com,bronze,2025-05-24,2025-06-01 17:56:00
CUST-00192,David Gutierrez,andersondavid@example.net,silver,2025-09-12,2025-09-29 08:04:00
CUST-00193,Carol Myers,yateslori@example.net,bronze,2026-01-07,2026-02-03 12:59:00
CUST-00194,Mark Smith,cardenasjason@example.net,bronze,2024-10-27,2024-11-02 08:23:00
CUST-00195,Joe Bell,vlee@example.org,silver,2026-01-13,2026-02-02 09:44:00
CUST-00196,Judy Vaughn,jenkinsholly@example.org,gold,2026-07-27,2026-08-14 11:03:00
CUST-00197,Jaclyn Simmons,zacharyclark@example.com,platinum,2024-12-02,2024-12-13 06:45:00
CUST-00198,Katrina Wilkins,ahoffman@example.org,platinum,2026-03-21,2026-03-30 03:03:00
CUST-00199,Kathryn Herring,skim@example.com,bronze,2024-12-21,2025-01-01 15:32:00
CUST-00200,Jose Mendez,deckerlouis@example.com,gold,2026-08-07,2026-08-17 16:53:00
CUST-00201,Walter Robertson,reginaldwilson@example.com,gold,2025-08-12,2025-09-09 20:47:00
CUST-00202,Jill Smith,martinezjeremy@example.org,silver,2025-09-09,2025-09-18 09:28:00
CUST-00203,Joyce Carroll,gwhitney@example.org,gold,2026-04-19,2026-05-12 09:35:00
CUST-00204,Dana Rojas,duranjeffery@example.net,bronze,2026-05-26,2026-06-08 20:12:00
CUST-00205,Glen Chase,kirbyderek@example.com,silver,2025-09-26,2025-10-26 19:18:00
CUST-00206,Benjamin Stanley,marcrichards@example.org,gold,2025-08-08,2025-08-12 09:20:00
CUST-00207,Matthew Patterson,pearsonjennifer@example.org,silver,2026-02-01,2026-02-03 18:00:00
CUST-00208,Michael Stanton,pbernard@example.net,silver,2026-04-02,2026-04-14 20:58:00
CUST-00209,Kimberly Lopez,obishop@example.net,silver,2025-10-31,2025-11-08 17:50:00
CUST-00210,Steven Chapman,goodwinjames@example.org,gold,2026-06-06,2026-06-11 06:42:00
CUST-00211,Nicholas Smith,zandrews@example.net,bronze,2025-04-04,2025-04-07 01:51:00
CUST-00212,Amy Evans,scott45@example.com,gold,2026-09-11,2026-09-29 14:14:00
CUST-00213,Madison Weiss,victorclark@example.com,platinum,2025-01-16,2025-02-13 23:11:00
CUST-00214,Bradley Washington,karenrobertson@example.com,silver,2025-02-15,2025-02-28 08:53:00
CUST-00215,Cory Vazquez,ygrant@example.org,bronze,2025-03-30,2025-04-05 09:51:00
CUST-00216,Robert Garner,nathaniel31@example.net,platinum,2025-03-31,2025-04-15 05:36:00
CUST-00217,Juan Cervantes,juan00@example.org,gold,2026-02-09,2026-03-02 10:34:00
CUST-00218,Christopher Medina,david20@example.com,bronze,2025-11-21,2025-11-25 07:06:00
CUST-00219,Laura Moore,harrisjames@example.org,gold,2024-12-18,2025-01-10 16:08:00
CUST-00220,William Brown,carla20@example.net,gold,2025-08-17,2025-08-17 19:24:00
CUST-00221,Tracey Hall,adamsanthony@example.org,gold,2025-02-27,2025-03-24 09:29:00
CUST-00222,Shawn Scott,batesrichard@example.org,silver,2025-06-09,2025-06-11 04:51:00
CUST-00223,Lauren Bryant,cstewart@example.net,platinum,2026-05-11,2026-06-03 14:49:00
CUST-00224,Daniel Edwards,brendagrant@example.net,gold,2025-12-11,2025-12-11 18:32:00
CUST-00225,Thomas Mccarthy,shannon81@example.org,silver,2025-09-26,2025-10-04 05:45:00
CUST-00226,Katie Taylor,morrisrebecca@example.net,silver,2025-03-08,2025-03-11 09:22:00
CUST-00227,Margaret Hill,gjackson@example.org,bronze,2026-08-19,2026-08-23 11:55:00
CUST-00228,Jessica Baldwin,david30@example.net,silver,2026-04-07,2026-04-09 19:32:00
CUST-00229,Jenna Murphy,timothy74@example.net,gold,2025-04-08,2025-04-21 22:28:00
CUST-00230,Walter Davenport,nwood@example.net,bronze,2026-05-10,2026-06-09 06:55:00
CUST-00231,Beth Jefferson,terrischneider@example.net,gold,2024-12-21,2024-12-28 09:52:00
CUST-00232,David Smith,jhendricks@example.com,gold,2024-11-04,2024-11-11 00:37:00
CUST-00233,Andrew Juarez,znelson@example.com,silver,2026-05-14,2026-05-18 19:54:00
CUST-00234,Adrienne Johnson,fhicks@example.com,silver,2025-04-22,2025-05-01 13:18:00
CUST-00235,Nancy Hamilton,mfarmer@example.org,silver,2026-06-29,2026-06-29 06:30:00
CUST-00236,Kaitlyn Wilson,ldiaz@example.org,gold,2026-02-24,2026-03-05 14:37:00
CUST-00237,Christopher Gibson,timothy75@example.com,silver,2025-06-03,2025-06-19 02:48:00
CUST-00238,Tamara Hensley,lmaxwell@example.org,bronze,2025-04-19,2025-05-01 06:57:00
CUST-00239,Jasmine Townsend,larrypeters@example.com,bronze,2026-09-13,2026-10-13 17:17:00
CUST-00240,Robert Rojas,ywilliamson@example.org,bronze,2026-08-22,2026-09-07 07:58:00
CUST-00241,Caleb Robbins,susanhampton@example.org,silver,2026-01-20,2026-02-18 18:46:00
CUST-00242,Kristin Williams,harpermichelle@example.net,silver,2026-04-05,2026-04-19 06:03:00
CUST-00243,Kenneth Adams,lunajennifer@example.com,platinum,2026-03-04,2026-03-07 00:15:00
CUST-00244,Heidi Miller DDS,teresa40@example.com,platinum,2025-09-17,2025-09-21 17:53:00
CUST-00245,Robert Lewis,ritaburns@example.com,gold,2025-09-26,2025-10-25 00:51:00
CUST-00246,Erica Holland,juliewilliams@example.net,silver,2025-03-11,2025-03-22 00:33:00
CUST-00247,Tracey Hutchinson,ustevens@example.org,bronze,2026-09-11,2026-09-17 01:01:00
CUST-00248,Christopher Hernandez,ugarcia@example.com,bronze,2025-04-01,2025-04-18 14:17:00
CUST-00249,Mr. Glenn Hernandez,goldenwilliam@example.com,bronze,2025-03-14,2025-03-15 06:25:00
CUST-00250,Michael Cooke,johnobrien@example.net,silver,2025-04-11,2025-05-06 13:23:00
CUST-00251,Oscar Patterson,garciastacy@example.com,platinum,2025-03-20,2025-04-12 09:24:00
CUST-00252,Daniel Miller,princemorgan@example.net,silver,2024-12-29,2025-01-02 04:43:00
CUST-00253,Michael Dickerson,dawn35@example.org,bronze,2026-05-11,2026-05-20 09:35:00
CUST-00254,Sue Valdez,hallnicholas@example.com,silver,2025-05-01,2025-05-26 10:44:00
CUST-00255,Karen Andrews,anthonyroman@example.com,gold,2025-04-29,2025-05-09 17:42:00
CUST-00256,Aaron Thompson,jennifer00@example.net,bronze,2025-03-03,2025-03-07 14:15:00
CUST-00257,Bryce Rasmussen,elizabeth87@example.org,bronze,2025-05-27,2025-06-16 11:31:00
CUST-00258,Robin Hill,richardorozco@example.net,bronze,2026-05-30,2026-06-02 03:12:00
CUST-00259,Zachary Richard,ryanbilly@example.org,bronze,2026-02-02,2026-02-05 18:35:00
CUST-00260,Eric Campbell,lisa87@example.com,gold,2026-01-22,2026-01-27 01:43:00
CUST-00261,Mrs. Elizabeth Knox,lbest@example.net,bronze,2026-08-19,2026-09-02 00:22:00
CUST-00262,Shane Mcbride Jr.,marie07@example.net,bronze,2025-04-28,2025-05-09 22:51:00
CUST-00263,Yvonne Morrison,davismary@example.com,bronze,2026-02-20,2026-03-10 09:37:00
CUST-00264,Maria Sanders,jessicahurley@example.com,silver,2026-04-23,2026-05-20 21:25:00
CUST-00265,Andrew Taylor,garciatravis@example.org,gold,2026-04-15,2026-04-24 19:21:00
CUST-00266,Ashley Stein,jesse85@example.org,platinum,2026-08-04,2026-08-21 14:38:00
CUST-00267,Neil Morales,youngchristy@example.org,bronze,2026-03-03,2026-03-15 08:06:00
CUST-00268,Mark Payne,caitlinhiggins@example.com,bronze,2025-03-02,2025-03-10 16:44:00
CUST-00269,Melanie Flores,nicolestewart@example.net,bronze,2026-04-05,2026-04-29 22:28:00
CUST-00270,Rebekah Wilkins,michael44@example.net,gold,2024-10-23,2024-10-24 01:12:00
CUST-00271,Juan Kelly,kennethcox@example.org,gold,2026-07-28,2026-08-17 12:47:00
CUST-00272,Jennifer Garrett,michaelyoung@example.org,bronze,2026-07-18,2026-08-03 06:09:00
CUST-00273,Jason Patel,scott56@example.org,gold,2026-03-30,2026-04-29 09:57:00
CUST-00274,David Austin,amandaharrison@example.com,silver,2025-06-16,2025-07-03 15:01:00
CUST-00275,Teresa Rowland,michael78@example.com,gold,2025-04-26,2025-05-20 10:22:00
CUST-00276,Michael Fisher,brittany29@example.com,bronze,2026-09-08,2026-09-26 12:16:00
CUST-00277,Tara Smith,edwardking@example.com,bronze,2024-11-15,2024-12-05 11:55:00
CUST-00278,Laurie Bryant,vincent30@example.com,bronze,2025-11-07,2025-11-24 07:45:00
CUST-00279,Bobby West,tabitha87@example.net,bronze,2026-02-18,2026-03-08 19:31:00
CUST-00280,Louis Butler,boydchristy@example.org,silver,2026-06-20,2026-07-15 21:22:00
CUST-00281,Debbie Bell,blackjoanne@example.net,silver,2025-06-05,2025-07-05 09:23:00
CUST-00282,Michael Warner,wparker@example.net,bronze,2026-03-10,2026-03-22 04:53:00
CUST-00283,Melanie Logan,toddwhite@example.net,bronze,2026-01-08,2026-01-31 01:44:00
CUST-00284,Kenneth Rivera,fpeck@example.com,bronze,2026-06-17,2026-07-08 22:32:00
CUST-00285,Nancy Howard,nicole91@example.org,bronze,2026-09-02,2026-09-03 09:28:00
CUST-00286,Jerry Barber,suttonadriana@example.net,silver,2025-10-01,2025-10-28 13:48:00
CUST-00287,Bryan Gibbs,torresthomas@example.org,silver,2026-07-19,2026-08-08 02:21:00
CUST-00288,Abigail Thompson,youngjames@example.org,silver,2025-05-06,2025-05-24 16:32:00
CUST-00289,Joel Duncan,kelleymisty@example.com,bronze,2026-09-12,2026-10-08 16:04:00
CUST-00290,Kenneth Benson,rogerspencer@example.net,silver,2026-05-12,2026-06-06 10:40:00
CUST-00291,John Walker,christine40@example.net,bronze,2025-11-24,2025-12-11 23:29:00
CUST-00292,Kyle Robbins,mark14@example.org,silver,2026-02-28,2026-03-21 17:24:00
CUST-00293,Albert Cole,clarkrobin@example.net,platinum,2025-06-22,2025-07-12 11:19:00
CUST-00294,Audrey Hernandez,sethray@example.com,silver,2026-06-06,2026-06-14 07:22:00
CUST-00295,Michael Johnson,uhamilton@example.net,silver,2026-01-12,2026-01-16 23:48:00
CUST-00296,James Brewer,smithcasey@example.net,gold,2025-12-26,2025-12-27 20:56:00
CUST-00297,Karen Ward,xleonard@example.org,bronze,2026-08-30,2026-09-25 20:30:00
CUST-00298,Stephanie Griffin,roberttrujillo@example.net,silver,2025-10-13,2025-11-05 06:06:00
CUST-00299,Danielle Stone,douglas37@example.org,silver,2025-01-11,2025-01-18 17:09:00
CUST-00300,Amy Brown,smithcrystal@example.com,bronze,2026-03-28,2026-04-10 23:17:00
