order_item_id,order_id,product_id,quantity,unit_price
ITEM-000001,ORDER-00001,PROD-0064,2,168.44
ITEM-000002,ORDER-00001,PROD-0141,1,172.28
ITEM-000003,ORDER-00001,PROD-0118,1,183.47
ITEM-000004,ORDER-00001,PROD-0030,1,108.98
ITEM-000005,ORDER-00002,PROD-0314,2,33.75
ITEM-000006,ORDER-00002,PROD-0389,1,160.25
ITEM-000007,ORDER-00002,PROD-0275,1,61.8
ITEM-000008,ORDER-00002,PROD-0261,3,160.84
ITEM-000009,ORDER-00003,PROD-0057,1,92.46
ITEM-000010,ORDER-00003,PROD-0276,1,32.76
ITEM-000011,ORDER-00003,PROD-0068,1,133.0
ITEM-000012,ORDER-00004,PROD-0027,3,140.64
ITEM-000013,ORDER-00005,PROD-0075,1,126.93
ITEM-000014,ORDER-00006,PROD-0143,1,94.45
ITEM-000015,ORDER-00007,PROD-0012,2,128.69
ITEM-000016,ORDER-00007,PROD-0378,2,7.46
ITEM-000017,ORDER-00007,PROD-0288,1,168.14
ITEM-000018,ORDER-00007,PROD-0217,2,42.09
ITEM-000019,ORDER-00008,PROD-0184,1,20.35
ITEM-000020,ORDER-00008,PROD-0308,2,196.35
ITEM-000021,ORDER-00008,PROD-0130,2,79.79
ITEM-000022,ORDER-00008,PROD-0104,2,84.44
ITEM-000023,ORDER-00009,PROD-0114,2,96.72
ITEM-000024,ORDER-00009,PROD-0234,1,158.66
ITEM-000025,ORDER-00010,PROD-0433,2,25.67
ITEM-000026,ORDER-00010,PROD-0166,1,161.96
ITEM-000027,ORDER-00010,PROD-0239,3,101.94
ITEM-000028,ORDER-00011,PROD-0171,2,103.43
ITEM-000029,ORDER-00011,PROD-0282,1,37.2
ITEM-000030,ORDER-00012,PROD-0145,1,36.17
ITEM-000031,ORDER-00012,PROD-0066,3,116.19
ITEM-000032,ORDER-00012,PROD-0258,3,54.4
ITEM-000033,ORDER-00013,PROD-0111,3,21.66
ITEM-000034,ORDER-00013,PROD-0334,2,125.32
ITEM-000035,ORDER-00013,PROD-0217,3,7.32
ITEM-000036,ORDER-00013,PROD-0384,1,114.37
ITEM-000037,ORDER-00014,PROD-0007,1,135.15
ITEM-000038,ORDER-00014,PROD-0052,1,102.52
ITEM-000039,ORDER-00014,PROD-0121,3,23.92
ITEM-000040,ORDER-00014,PROD-0190,1,39.39
ITEM-000041,ORDER-00015,PROD-0354,3,155.14
ITEM-000042,ORDER-00015,PROD-0052,1,189.12
ITEM-000043,ORDER-00015,PROD-0366,3,164.82
ITEM-000044,ORDER-00015,PROD-0350,3,104.08
ITEM-000045,ORDER-00016,PROD-0063,1,117.07
ITEM-000046,ORDER-00017,PROD-0163,3,132.57
ITEM-000047,ORDER-00017,PROD-0409,3,48.69
ITEM-000048,ORDER-00017,PROD-0088,2,96.06
ITEM-000049,ORDER-00017,PROD-0254,3,187.02
ITEM-000050,ORDER-00018,PROD-0252,1,33.08
ITEM-000051,ORDER-00018,PROD-0239,2,74.64
ITEM-000052,ORDER-00019,PROD-0022,2,32.13
ITEM-000053,ORDER-00020,PROD-0344,2,13.76
ITEM-000054,ORDER-00021,PROD-0071,1,128.0
ITEM-000055,ORDER-00022,PROD-0333,2,22.43
ITEM-000056,ORDER-00022,PROD-0125,3,192.25
ITEM-000057,ORDER-00023,PROD-0009,3,10.25
ITEM-000058,ORDER-00023,PROD-0472,3,176.73
ITEM-000059,ORDER-00024,PROD-0100,3,37.35
ITEM-000060,ORDER-00024,PROD-0310,1,39.11
ITEM-000061,ORDER-00025,PROD-0209,3,89.42
ITEM-000062,ORDER-00025,PROD-0238,1,27.54
ITEM-000063,ORDER-00025,PROD-0460,3,73.44
ITEM-000064,ORDER-00026,PROD-0479,1,136.83
ITEM-000065,ORDER-00027,PROD-0297,3,159.06
ITEM-000066,ORDER-00028,PROD-0199,2,88.76
ITEM-000067,ORDER-00028,PROD-0154,1,79.06
ITEM-000068,ORDER-00029,PROD-0075,1,78.12
ITEM-000069,ORDER-00030,PROD-0232,3,171.43
ITEM-000070,ORDER-00030,PROD-0367,2,16.39
ITEM-000071,ORDER-00031,PROD-0085,1,177.94
ITEM-000072,ORDER-00031,PROD-0282,3,198.37
ITEM-000073,ORDER-00031,PROD-0357,2,167.41
ITEM-000074,ORDER-00032,PROD-0204,3,58.43
ITEM-000075,ORDER-00032,PROD-0411,2,116.75
ITEM-000076,ORDER-00032,PROD-0471,1,184.78
ITEM-000077,ORDER-00033,PROD-0114,3,115.16
ITEM-000078,ORDER-00033,PROD-0155,3,35.12
ITEM-000079,ORDER-00034,PROD-0140,1,81.6
ITEM-000080,ORDER-00034,PROD-0233,1,95.29
ITEM-000081,ORDER-00035,PROD-0239,2,177.2
ITEM-000082,ORDER-00035,PROD-0006,2,13.63
ITEM-000083,ORDER-00036,PROD-0231,2,62.87
ITEM-000084,ORDER-00036,PROD-0454,2,147.21
ITEM-000085,ORDER-00037,PROD-0312,2,86.55
ITEM-000086,ORDER-00038,PROD-0109,3,76.17
ITEM-000087,ORDER-00039,PROD-0234,3,36.99
ITEM-000088,ORDER-00039,PROD-0343,1,7.01
ITEM-000089,ORDER-00039,PROD-0494,2,186.47
ITEM-000090,ORDER-00039,PROD-0367,1,181.17
ITEM-000091,ORDER-00040,PROD-0087,2,73.87
ITEM-000092,ORDER-00040,PROD-0049,1,13.14
ITEM-000093,ORDER-00040,PROD-0175,2,193.85
ITEM-000094,ORDER-00040,PROD-0017,3,100.97
ITEM-000095,ORDER-00041,PROD-0463,3,26.96
ITEM-000096,ORDER-00041,PROD-0468,1,123.35
ITEM-000097,ORDER-00041,PROD-0208,2,81.97
ITEM-000098,ORDER-00042,PROD-0150,2,50.7
ITEM-000099,ORDER-00042,PROD-0070,3,43.67
ITEM-000100,ORDER-00043,PROD-0400,2,38.65
ITEM-000101,ORDER-00043,PROD-0385,2,6.69
ITEM-000102,ORDER-00043,PROD-0009,2,107.11
ITEM-000103,ORDER-00043,PROD-0461,1,81.52
ITEM-000104,ORDER-00044,PROD-0488,2,94.69
ITEM-000105,ORDER-00044,PROD-0237,2,159.57
ITEM-000106,ORDER-00044,PROD-0161,3,22.6
ITEM-000107,ORDER-00045,PROD-0262,1,95.68
ITEM-000108,ORDER-00046,PROD-0473,3,87.06
ITEM-000109,ORDER-00047,PROD-0427,2,49.83
ITEM-000110,ORDER-00048,PROD-0420,1,180.8
ITEM-000111,ORDER-00048,PROD-0110,3,190.4
ITEM-000112,ORDER-00048,PROD-0216,3,20.61
ITEM-000113,ORDER-00048,PROD-0127,2,36.46
ITEM-000114,ORDER-00049,PROD-0145,3,121.54
ITEM-000115,ORDER-00049,PROD-0248,2,19.62
ITEM-000116,ORDER-00049,PROD-0360,3,137.13
ITEM-000117,ORDER-00049,PROD-0322,2,195.49
ITEM-000118,ORDER-00050,PROD-0384,2,106.59
ITEM-000119,ORDER-00051,PROD-0388,1,146.59
ITEM-000120,ORDER-00051,PROD-0487,3,74.88
ITEM-000121,ORDER-00052,PROD-0159,2,154.55
ITEM-000122,ORDER-00053,PROD-0192,1,130.75
ITEM-000123,ORDER-00054,PROD-0465,1,158.77
ITEM-000124,ORDER-00054,PROD-0361,1,100.37
ITEM-000125,ORDER-00054,PROD-0243,2,195.74
ITEM-000126,ORDER-00054,PROD-0019,2,129.07
ITEM-000127,ORDER-00055,PROD-0058,3,112.76
ITEM-000128,ORDER-00055,PROD-0005,1,48.4
ITEM-000129,ORDER-00056,PROD-0029,2,169.45
ITEM-000130,ORDER-00056,PROD-0329,3,108.21
ITEM-000131,ORDER-00056,PROD-0239,1,92.3
ITEM-000132,ORDER-00056,PROD-0300,2,109.7
ITEM-000133,ORDER-00057,PROD-0347,3,103.41
ITEM-000134,ORDER-00057,PROD-0289,1,31.04
ITEM-000135,ORDER-00057,PROD-0138,2,33.02
ITEM-000136,ORDER-00057,PROD-0131,1,184.61
ITEM-000137,ORDER-00058,PROD-0195,3,94.53
ITEM-000138,ORDER-00058,PROD-0454,3,83.61
ITEM-000139,ORDER-00059,PROD-0031,2,53.36
ITEM-000140,ORDER-00059,PROD-0394,3,126.49
ITEM-000141,ORDER-00059,PROD-0238,3,98.41
ITEM-000142,ORDER-00059,PROD-0295,3,161.36
ITEM-000143,ORDER-00060,PROD-0028,1,79.02
ITEM-000144,ORDER-00060,PROD-0114,2,105.55
ITEM-000145,ORDER-00060,PROD-0071,2,58.76
ITEM-000146,ORDER-00060,PROD-0165,2,134.55
ITEM-000147,ORDER-00061,PROD-0075,2,186.47
ITEM-000148,ORDER-00061,PROD-0286,2,71.17
ITEM-000149,ORDER-00062,PROD-0398,3,152.79
ITEM-000150,ORDER-00062,PROD-0312,2,41.8
ITEM-000151,ORDER-00063,PROD-0040,2,156.98
ITEM-000152,ORDER-00063,PROD-0116,1,165.17
ITEM-000153,ORDER-00063,PROD-0437,1,147.86
ITEM-000154,ORDER-00063,PROD-0367,2,66.74
ITEM-000155,ORDER-00064,PROD-0463,1,48.11
ITEM-000156,ORDER-00065,PROD-0290,2,172.4
ITEM-000157,ORDER-00066,PROD-0433,3,18.47
ITEM-000158,ORDER-00066,PROD-0091,2,104.98
ITEM-000159,ORDER-00066,PROD-0287,2,180.79
ITEM-000160,ORDER-00067,PROD-0249,1,182.82
ITEM-000161,ORDER-00067,PROD-0303,3,57.11
ITEM-000162,ORDER-00068,PROD-0207,3,185.85
ITEM-000163,ORDER-00068,PROD-0224,1,163.65
ITEM-000164,ORDER-00068,PROD-0204,2,62.7
ITEM-000165,ORDER-00069,PROD-0261,3,96.02
ITEM-000166,ORDER-00070,PROD-0400,3,55.37
ITEM-000167,ORDER-00070,PROD-0471,2,80.49
ITEM-000168,ORDER-00070,PROD-0095,3,30.34
ITEM-000169,ORDER-00070,PROD-0416,3,166.8
ITEM-000170,ORDER-00071,PROD-0416,1,179.58
ITEM-000171,ORDER-00071,PROD-0379,1,172.09
ITEM-000172,ORDER-00072,PROD-0462,1,78.52
ITEM-000173,ORDER-00073,PROD-0081,3,39.65
ITEM-000174,ORDER-00073,PROD-0303,2,94.96
ITEM-000175,ORDER-00073,PROD-0429,3,181.51
ITEM-000176,ORDER-00074,PROD-0424,3,32.28
ITEM-000177,ORDER-00074,PROD-0350,1,162.21
ITEM-000178,ORDER-00075,PROD-0402,1,112.11
ITEM-000179,ORDER-00075,PROD-0091,2,78.26
ITEM-000180,ORDER-00075,PROD-0370,3,51.8
ITEM-000181,ORDER-00076,PROD-0109,2,80.36
ITEM-000182,ORDER-00077,PROD-0004,1,166.09
ITEM-000183,ORDER-00077,PROD-0219,1,196.9
ITEM-000184,ORDER-00078,PROD-0023,1,174.18
ITEM-000185,ORDER-00078,PROD-0424,2,165.53
ITEM-000186,ORDER-00079,PROD-0414,3,53.19
ITEM-000187,ORDER-00080,PROD-0139,3,177.06
ITEM-000188,ORDER-00081,PROD-0159,2,143.86
ITEM-000189,ORDER-00082,PROD-0210,1,161.51
ITEM-000190,ORDER-00082,PROD-0346,1,126.46
ITEM-000191,ORDER-00082,PROD-0436,3,37.19
ITEM-000192,ORDER-00083,PROD-0494,1,10.0
ITEM-000193,ORDER-00083,PROD-0062,1,147.16
ITEM-000194,ORDER-00083,PROD-0446,3,193.72
ITEM-000195,ORDER-00083,PROD-0210,2,162.45
ITEM-000196,ORDER-00084,PROD-0393,3,73.27
ITEM-000197,ORDER-00084,PROD-0328,1,43.71
ITEM-000198,ORDER-00084,PROD-0455,3,163.89
ITEM-000199,ORDER-00084,PROD-0305,3,196.77
ITEM-000200,ORDER-00085,PROD-0180,2,186.18
ITEM-000201,ORDER-00085,PROD-0388,2,86.73
ITEM-000202,ORDER-00085,PROD-0231,3,144.24
ITEM-000203,ORDER-00086,PROD-0112,3,170.9
ITEM-000204,ORDER-00086,PROD-0472,3,124.52
ITEM-000205,ORDER-00086,PROD-0095,2,100.41
ITEM-000206,ORDER-00087,PROD-0464,2,157.87
ITEM-000207,ORDER-00088,PROD-0477,3,195.73
ITEM-000208,ORDER-00089,PROD-0399,2,139.91
ITEM-000209,ORDER-00090,PROD-0222,3,116.67
ITEM-000210,ORDER-00090,PROD-0152,2,117.12
ITEM-000211,ORDER-00090,PROD-0486,1,148.81
ITEM-000212,ORDER-00091,PROD-0211,2,199.32
ITEM-000213,ORDER-00091,PROD-0437,2,121.6
ITEM-000214,ORDER-00092,PROD-0098,3,94.03
ITEM-000215,ORDER-00093,PROD-0283,3,130.81
ITEM-000216,ORDER-00093,PROD-0066,3,94.25
ITEM-000217,ORDER-00093,PROD-0011,1,91.19
ITEM-000218,ORDER-00094,PROD-0216,1,35.35
ITEM-000219,ORDER-00094,PROD-0023,3,92.58
ITEM-000220,ORDER-00094,PROD-0241,3,71.02
ITEM-000221,ORDER-00095,PROD-0125,3,118.7
ITEM-000222,ORDER-00095,PROD-0345,2,39.93
ITEM-000223,ORDER-00095,PROD-0374,1,157.14
ITEM-000224,ORDER-00096,PROD-0392,2,183.75
ITEM-000225,ORDER-00097,PROD-0154,2,123.75
ITEM-000226,ORDER-00097,PROD-0013,2,8.45
ITEM-000227,ORDER-00097,PROD-0284,3,88.53
ITEM-000228,ORDER-00098,PROD-0428,2,27.86
ITEM-000229,ORDER-00099,PROD-0048,3,106.38
ITEM-000230,ORDER-00099,PROD-0328,1,161.52
ITEM-000231,ORDER-00099,PROD-0194,2,135.02
ITEM-000232,ORDER-00100,PROD-0241,2,146.89
ITEM-000233,ORDER-00100,PROD-0389,3,127.74
ITEM-000234,ORDER-00100,PROD-0268,3,189.22
ITEM-000235,ORDER-00101,PROD-0423,1,39.94
ITEM-000236,ORDER-00101,PROD-0083,2,32.69
ITEM-000237,ORDER-00102,PROD-0269,1,78.14
ITEM-000238,ORDER-00103,PROD-0285,2,92.24
ITEM-000239,ORDER-00104,PROD-0460,3,136.1
ITEM-000240,ORDER-00105,PROD-0397,1,195.68
ITEM-000241,ORDER-00106,PROD-0031,3,143.97
ITEM-000242,ORDER-00106,PROD-0258,3,77.15
ITEM-000243,ORDER-00106,PROD-0252,3,122.25
ITEM-000244,ORDER-00106,PROD-0016,1,166.55
ITEM-000245,ORDER-00107,PROD-0090,3,111.97
ITEM-000246,ORDER-00107,PROD-0236,3,90.28
ITEM-000247,ORDER-00107,PROD-0240,3,148.75
ITEM-000248,ORDER-00107,PROD-0445,2,129.89
ITEM-000249,ORDER-00108,PROD-0338,3,53.02
ITEM-000250,ORDER-00109,PROD-0368,1,22.81
ITEM-000251,ORDER-00109,PROD-0016,2,146.93
ITEM-000252,ORDER-00109,PROD-0427,2,74.97
ITEM-000253,ORDER-00110,PROD-0351,3,17.33
ITEM-000254,ORDER-00110,PROD-0061,3,103.91
ITEM-000255,ORDER-00111,PROD-0109,2,90.08
ITEM-000256,ORDER-00111,PROD-0207,1,137.45
ITEM-000257,ORDER-00111,PROD-0033,2,144.05
ITEM-000258,ORDER-00112,PROD-0109,2,184.81
ITEM-000259,ORDER-00112,PROD-0493,2,43.97
ITEM-000260,ORDER-00112,PROD-0126,1,76.86
ITEM-000261,ORDER-00112,PROD-0052,3,128.92
ITEM-000262,ORDER-00113,PROD-0194,2,16.92
ITEM-000263,ORDER-00114,PROD-0435,3,168.06
ITEM-000264,ORDER-00114,PROD-0337,2,77.08
ITEM-000265,ORDER-00115,PROD-0034,1,195.79
ITEM-000266,ORDER-00116,PROD-0036,3,170.11
ITEM-000267,ORDER-00116,PROD-0452,2,98.82
ITEM-000268,ORDER-00116,PROD-0185,3,115.39
ITEM-000269,ORDER-00116,PROD-0069,1,134.68
ITEM-000270,ORDER-00117,PROD-0260,3,51.11
ITEM-000271,ORDER-00117,PROD-0299,3,162.39
ITEM-000272,ORDER-00117,PROD-0323,3,8.59
ITEM-000273,ORDER-00117,PROD-0151,1,71.87
ITEM-000274,ORDER-00118,PROD-0385,2,183.97
ITEM-000275,ORDER-00118,PROD-0032,3,12.9
ITEM-000276,ORDER-00119,PROD-0420,3,145.88
ITEM-000277,ORDER-00120,PROD-0257,3,62.15
ITEM-000278,ORDER-00121,PROD-0139,3,36.16
ITEM-000279,ORDER-00121,PROD-0460,3,46.02
ITEM-000280,ORDER-00121,PROD-0316,3,90.89
ITEM-000281,ORDER-00122,PROD-0241,3,72.55
ITEM-000282,ORDER-00123,PROD-0161,1,12.37
ITEM-000283,ORDER-00123,PROD-0001,1,120.54
ITEM-000284,ORDER-00123,PROD-0112,1,41.74
ITEM-000285,ORDER-00124,PROD-0116,2,151.57
ITEM-000286,ORDER-00124,PROD-0480,2,47.87
ITEM-000287,ORDER-00124,PROD-0318,1,141.83
ITEM-000288,ORDER-00124,PROD-0194,3,106.19
ITEM-000289,ORDER-00125,PROD-0324,3,32.6
ITEM-000290,ORDER-00125,PROD-0366,1,9.9
ITEM-000291,ORDER-00126,PROD-0078,1,116.64
ITEM-000292,ORDER-00126,PROD-0040,3,61.19
ITEM-000293,ORDER-00126,PROD-0048,1,92.02
ITEM-000294,ORDER-00127,PROD-0283,3,57.13
ITEM-000295,ORDER-00127,PROD-0436,2,76.21
ITEM-000296,ORDER-00127,PROD-0448,3,84.27
ITEM-000297,ORDER-00127,PROD-0392,3,170.69
ITEM-000298,ORDER-00128,PROD-0178,2,137.35
ITEM-000299,ORDER-00128,PROD-0227,2,47.03
ITEM-000300,ORDER-00128,PROD-0385,1,60.02
ITEM-000301,ORDER-00129,PROD-0085,1,17.25
ITEM-000302,ORDER-00129,PROD-0034,3,164.88
ITEM-000303,ORDER-00129,PROD-0249,1,48.21
ITEM-000304,ORDER-00129,PROD-0010,1,100.47
ITEM-000305,ORDER-00130,PROD-0312,3,151.34
ITEM-000306,ORDER-00130,PROD-0114,3,68.11
ITEM-000307,ORDER-00130,PROD-0304,1,85.79
ITEM-000308,ORDER-00130,PROD-0443,2,147.91
ITEM-000309,ORDER-00131,PROD-0285,2,40.71
ITEM-000310,ORDER-00132,PROD-0079,2,116.01
ITEM-000311,ORDER-00132,PROD-0226,3,125.03
ITEM-000312,ORDER-00132,PROD-0218,3,75.88
ITEM-000313,ORDER-00132,PROD-0394,2,48.96
ITEM-000314,ORDER-00133,PROD-0308,2,180.08
ITEM-000315,ORDER-00133,PROD-0350,1,6.71
ITEM-000316,ORDER-00133,PROD-0026,1,116.55
ITEM-000317,ORDER-00133,PROD-0170,3,8.99
ITEM-000318,ORDER-00134,PROD-0030,2,102.09
ITEM-000319,ORDER-00134,PROD-0016,3,119.61
ITEM-000320,ORDER-00134,PROD-0180,1,19.11
ITEM-000321,ORDER-00135,PROD-0473,1,76.47
ITEM-000322,ORDER-00135,PROD-0372,1,171.57
ITEM-000323,ORDER-00135,PROD-0467,1,11.58
ITEM-000324,ORDER-00136,PROD-0026,2,64.98
ITEM-000325,ORDER-00136,PROD-0411,3,54.25
ITEM-000326,ORDER-00137,PROD-0180,2,198.75
ITEM-000327,ORDER-00137,PROD-0467,1,171.91
ITEM-000328,ORDER-00137,PROD-0366,2,150.61
ITEM-000329,ORDER-00137,PROD-0254,2,147.01
ITEM-000330,ORDER-00138,PROD-0392,1,102.04
ITEM-000331,ORDER-00138,PROD-0035,1,32.68
ITEM-000332,ORDER-00139,PROD-0079,3,41.65
ITEM-000333,ORDER-00140,PROD-0350,2,192.95
ITEM-000334,ORDER-00141,PROD-0448,1,41.14
ITEM-000335,ORDER-00141,PROD-0481,2,173.67
ITEM-000336,ORDER-00141,PROD-0390,2,129.27
ITEM-000337,ORDER-00142,PROD-0269,1,94.96
ITEM-000338,ORDER-00142,PROD-0046,1,160.34
ITEM-000339,ORDER-00142,PROD-0063,3,172.38
ITEM-000340,ORDER-00142,PROD-0441,1,41.55
ITEM-000341,ORDER-00143,PROD-0402,1,77.8
ITEM-000342,ORDER-00143,PROD-0176,3,154.69
ITEM-000343,ORDER-00144,PROD-0232,1,180.89
ITEM-000344,ORDER-00144,PROD-0107,3,167.35
ITEM-000345,ORDER-00145,PROD-0210,1,167.25
ITEM-000346,ORDER-00145,PROD-0284,2,140.17
ITEM-000347,ORDER-00145,PROD-0125,2,106.36
ITEM-000348,ORDER-00145,PROD-0018,1,165.5
ITEM-000349,ORDER-00146,PROD-0309,3,28.84
ITEM-000350,ORDER-00146,PROD-0258,3,26.81
ITEM-000351,ORDER-00146,PROD-0434,3,140.37
ITEM-000352,ORDER-00146,PROD-0325,3,180.9
ITEM-000353,ORDER-00147,PROD-0337,2,163.96
ITEM-000354,ORDER-00147,PROD-0029,3,195.87
ITEM-000355,ORDER-00148,PROD-0324,1,138.07
ITEM-000356,ORDER-00148,PROD-0370,3,36.62
ITEM-000357,ORDER-00148,PROD-0162,1,89.64
ITEM-000358,ORDER-00148,PROD-0034,1,77.54
ITEM-000359,ORDER-00149,PROD-0241,1,118.82
ITEM-000360,ORDER-00149,PROD-0145,1,161.34
ITEM-000361,ORDER-00149,PROD-0361,3,161.12
ITEM-000362,ORDER-00150,PROD-0330,1,35.56
ITEM-000363,ORDER-00150,PROD-0012,2,164.37
ITEM-000364,ORDER-00150,PROD-0494,1,40.41
ITEM-000365,ORDER-00150,PROD-0486,3,84.85
ITEM-000366,ORDER-00151,PROD-0106,1,197.7
ITEM-000367,ORDER-00151,PROD-0162,3,149.17
ITEM-000368,ORDER-00151,PROD-0343,2,91.2
ITEM-000369,ORDER-00151,PROD-0140,3,75.43
ITEM-000370,ORDER-00152,PROD-0002,2,165.92
ITEM-000371,ORDER-00152,PROD-0193,1,88.07
ITEM-000372,ORDER-00152,PROD-0148,2,181.89
ITEM-000373,ORDER-00153,PROD-0026,3,79.46
ITEM-000374,ORDER-00153,PROD-0186,1,76.06
ITEM-000375,ORDER-00153,PROD-0148,1,99.14
ITEM-000376,ORDER-00153,PROD-0230,3,160.36
ITEM-000377,ORDER-00154,PROD-0366,1,194.18
ITEM-000378,ORDER-00154,PROD-0190,2,73.77
ITEM-000379,ORDER-00154,PROD-0307,1,169.57
ITEM-000380,ORDER-00155,PROD-0292,2,79.83
ITEM-000381,ORDER-00156,PROD-0362,3,190.82
ITEM-000382,ORDER-00157,PROD-0049,3,150.15
ITEM-000383,ORDER-00157,PROD-0384,2,52.42
ITEM-000384,ORDER-00157,PROD-0088,1,80.81
ITEM-000385,ORDER-00158,PROD-0123,3,150.49
ITEM-000386,ORDER-00158,PROD-0397,2,9.72
ITEM-000387,ORDER-00158,PROD-0304,3,194.52
ITEM-000388,ORDER-00158,PROD-0444,1,8.93
ITEM-000389,ORDER-00159,PROD-0190,3,137.23
ITEM-000390,ORDER-00159,PROD-0347,2,107.72
ITEM-000391,ORDER-00159,PROD-0192,3,60.45
ITEM-000392,ORDER-00159,PROD-0478,1,132.09
ITEM-000393,ORDER-00160,PROD-0024,2,46.07
ITEM-000394,ORDER-00160,PROD-0315,3,100.62
ITEM-000395,ORDER-00161,PROD-0487,1,179.72
ITEM-000396,ORDER-00161,PROD-0051,2,136.64
ITEM-000397,ORDER-00161,PROD-0128,1,189.75
ITEM-000398,ORDER-00162,PROD-0026,3,121.65
ITEM-000399,ORDER-00162,PROD-0295,3,20.68
ITEM-000400,ORDER-00163,PROD-0229,1,32.9
ITEM-000401,ORDER-00163,PROD-0221,3,156.7
ITEM-000402,ORDER-00163,PROD-0428,1,96.42
ITEM-000403,ORDER-00163,PROD-0129,3,78.31
ITEM-000404,ORDER-00164,PROD-0183,1,131.12
ITEM-000405,ORDER-00165,PROD-0473,1,164.91
ITEM-000406,ORDER-00165,PROD-0496,3,195.89
ITEM-000407,ORDER-00165,PROD-0449,1,50.33
ITEM-000408,ORDER-00165,PROD-0484,3,88.63
ITEM-000409,ORDER-00166,PROD-0156,3,19.2
ITEM-000410,ORDER-00166,PROD-0314,2,145.43
ITEM-000411,ORDER-00167,PROD-0024,2,175.53
ITEM-000412,ORDER-00167,PROD-0323,3,105.4
ITEM-000413,ORDER-00167,PROD-0330,1,125.58
ITEM-000414,ORDER-00167,PROD-0134,2,126.74
ITEM-000415,ORDER-00168,PROD-0297,1,104.35
ITEM-000416,ORDER-00169,PROD-0464,3,149.07
ITEM-000417,ORDER-00169,PROD-0201,3,30.44
ITEM-000418,ORDER-00169,PROD-0367,1,112.47
ITEM-000419,ORDER-00170,PROD-0378,1,103.7
ITEM-000420,ORDER-00171,PROD-0126,1,43.15
ITEM-000421,ORDER-00171,PROD-0256,2,67.79
ITEM-000422,ORDER-00171,PROD-0023,3,40.27
ITEM-000423,ORDER-00172,PROD-0141,2,87.64
ITEM-000424,ORDER-00173,PROD-0195,2,15.88
ITEM-000425,ORDER-00173,PROD-0346,1,129.68
ITEM-000426,ORDER-00174,PROD-0042,3,33.04
ITEM-000427,ORDER-00174,PROD-0278,3,85.85
ITEM-000428,ORDER-00174,PROD-0282,3,26.27
ITEM-000429,ORDER-00174,PROD-0083,2,31.25
ITEM-000430,ORDER-00175,PROD-0366,3,138.03
ITEM-000431,ORDER-00176,PROD-0477,2,114.25
ITEM-000432,ORDER-00176,PROD-0044,3,166.61
ITEM-000433,ORDER-00177,PROD-0217,1,153.36
ITEM-000434,ORDER-00177,PROD-0356,1,56.17
ITEM-000435,ORDER-00177,PROD-0112,2,28.74
ITEM-000436,ORDER-00178,PROD-0440,2,77.35
ITEM-000437,ORDER-00178,PROD-0060,2,58.68
ITEM-000438,ORDER-00178,PROD-0237,1,163.53
ITEM-000439,ORDER-00179,PROD-0275,3,175.18
ITEM-000440,ORDER-00179,PROD-0086,1,131.78
ITEM-000441,ORDER-00180,PROD-0267,2,164.71
ITEM-000442,ORDER-00181,PROD-0073,2,98.05
ITEM-000443,ORDER-00181,PROD-0060,3,44.06
ITEM-000444,ORDER-00181,PROD-0053,3,91.31
ITEM-000445,ORDER-00181,PROD-0474,2,77.28
ITEM-000446,ORDER-00182,PROD-0448,3,147.06
ITEM-000447,ORDER-00182,PROD-0262,1,21.55
ITEM-000448,ORDER-00182,PROD-0442,3,26.41
ITEM-000449,ORDER-00183,PROD-0293,2,51.21
ITEM-000450,ORDER-00183,PROD-0276,3,163.99
ITEM-000451,ORDER-00184,PROD-0261,3,146.83
ITEM-000452,ORDER-00185,PROD-0413,3,177.87
ITEM-000453,ORDER-00185,PROD-0387,2,37.34
ITEM-000454,ORDER-00186,PROD-0404,3,144.4
ITEM-000455,ORDER-00186,PROD-0395,2,51.07
ITEM-000456,ORDER-00186,PROD-0178,1,110.57
ITEM-000457,ORDER-00186,PROD-0038,2,31.91
ITEM-000458,ORDER-00187,PROD-0052,3,168.18
ITEM-000459,ORDER-00187,PROD-0147,2,164.45
ITEM-000460,ORDER-00187,PROD-0157,1,186.79
ITEM-000461,ORDER-00188,PROD-0189,3,101.74
ITEM-000462,ORDER-00188,PROD-0362,2,15.08
ITEM-000463,ORDER-00188,PROD-0486,2,13.49
ITEM-000464,ORDER-00188,PROD-0457,1,94.39
ITEM-000465,ORDER-00189,PROD-0401,2,33.18
ITEM-000466,ORDER-00189,PROD-0485,3,35.14
ITEM-000467,ORDER-00189,PROD-0367,2,75.63
ITEM-000468,ORDER-00189,PROD-0377,2,153.43
ITEM-000469,ORDER-00190,PROD-0278,1,141.15
ITEM-000470,ORDER-00190,PROD-0472,3,85.13
ITEM-000471,ORDER-00190,PROD-0473,1,42.73
ITEM-000472,ORDER-00190,PROD-0357,3,86.99
ITEM-000473,ORDER-00191,PROD-0197,3,41.61
ITEM-000474,ORDER-00191,PROD-0255,1,111.48
ITEM-000475,ORDER-00191,PROD-0345,3,161.62
ITEM-000476,ORDER-00192,PROD-0030,1,84.71
ITEM-000477,ORDER-00193,PROD-0248,2,116.85
ITEM-000478,ORDER-00193,PROD-0446,2,46.7
ITEM-000479,ORDER-00193,PROD-0127,2,117.79
ITEM-000480,ORDER-00194,PROD-0129,3,162.6
ITEM-000481,ORDER-00194,PROD-0268,2,51.71
ITEM-000482,ORDER-00194,PROD-0306,1,117.37
ITEM-000483,ORDER-00195,PROD-0376,3,50.19
ITEM-000484,ORDER-00196,PROD-0114,1,30.39
ITEM-000485,ORDER-00196,PROD-0299,2,91.61
ITEM-000486,ORDER-00196,PROD-0051,3,38.16
ITEM-000487,ORDER-00197,PROD-0129,2,197.76
ITEM-000488,ORDER-00197,PROD-0190,2,55.66
ITEM-000489,ORDER-00198,PROD-0422,3,171.86
ITEM-000490,ORDER-00198,PROD-0155,2,143.7
ITEM-000491,ORDER-00199,PROD-0146,1,40.8
ITEM-000492,ORDER-00199,PROD-0376,1,141.31
ITEM-000493,ORDER-00199,PROD-0118,2,85.45
ITEM-000494,ORDER-00200,PROD-0322,1,38.42
ITEM-000495,ORDER-00200,PROD-0440,2,9.13
ITEM-000496,ORDER-00200,PROD-0066,1,125.73
ITEM-000497,ORDER-00201,PROD-0499,2,140.62
ITEM-000498,ORDER-00201,PROD-0246,2,46.07
ITEM-000499,ORDER-00202,PROD-0172,3,59.49
ITEM-000500,ORDER-00202,PROD-0300,1,62.86
ITEM-000501,ORDER-00202,PROD-0243,3,157.09
ITEM-000502,ORDER-00203,PROD-0396,1,13.73
ITEM-000503,ORDER-00203,PROD-0176,1,145.95
ITEM-000504,ORDER-00203,PROD-0473,2,93.35
ITEM-000505,ORDER-00203,PROD-0229,2,99.54
ITEM-000506,ORDER-00204,PROD-0186,1,78.52
ITEM-000507,ORDER-00204,PROD-0024,3,49.58
ITEM-000508,ORDER-00204,PROD-0350,3,52.45
ITEM-000509,ORDER-00205,PROD-0213,1,117.5
ITEM-000510,ORDER-00205,PROD-0307,2,109.86
ITEM-000511,ORDER-00206,PROD-0454,2,6.86
ITEM-000512,ORDER-00206,PROD-0069,2,116.19
ITEM-000513,ORDER-00206,PROD-0035,3,37.17
ITEM-000514,ORDER-00207,PROD-0006,2,84.04
ITEM-000515,ORDER-00207,PROD-0099,1,31.6
ITEM-000516,ORDER-00208,PROD-0382,2,78.71
ITEM-000517,ORDER-00208,PROD-0096,1,104.27
ITEM-000518,ORDER-00208,PROD-0382,2,111.33
ITEM-000519,ORDER-00209,PROD-0456,1,157.42
ITEM-000520,ORDER-00210,PROD-0393,3,67.98
ITEM-000521,ORDER-00210,PROD-0182,3,116.66
ITEM-000522,ORDER-00210,PROD-0391,1,54.91
ITEM-000523,ORDER-00210,PROD-0500,2,40.51
ITEM-000524,ORDER-00211,PROD-0485,3,52.36
ITEM-000525,ORDER-00211,PROD-0101,2,186.9
ITEM-000526,ORDER-00211,PROD-0369,3,196.29
ITEM-000527,ORDER-00212,PROD-0251,2,133.06
ITEM-000528,ORDER-00213,PROD-0191,2,178.55
ITEM-000529,ORDER-00213,PROD-0475,1,94.96
ITEM-000530,ORDER-00213,PROD-0180,1,114.3
ITEM-000531,ORDER-00213,PROD-0468,2,12.42
ITEM-000532,ORDER-00214,PROD-0057,3,106.96
ITEM-000533,ORDER-00214,PROD-0123,3,98.38
ITEM-000534,ORDER-00214,PROD-0494,1,63.63
ITEM-000535,ORDER-00214,PROD-0075,2,17.99
ITEM-000536,ORDER-00215,PROD-0133,1,94.74
ITEM-000537,ORDER-00215,PROD-0401,1,68.83
ITEM-000538,ORDER-00215,PROD-0430,1,145.86
ITEM-000539,ORDER-00216,PROD-0241,2,158.05
ITEM-000540,ORDER-00217,PROD-0101,1,89.76
ITEM-000541,ORDER-00217,PROD-0133,1,130.96
ITEM-000542,ORDER-00218,PROD-0147,3,170.62
ITEM-000543,ORDER-00218,PROD-0205,1,48.46
ITEM-000544,ORDER-00218,PROD-0313,2,15.28
ITEM-000545,ORDER-00218,PROD-0009,1,153.89
ITEM-000546,ORDER-00219,PROD-0345,2,135.37
ITEM-000547,ORDER-00220,PROD-0106,1,26.31
ITEM-000548,ORDER-00220,PROD-0327,1,61.5
ITEM-000549,ORDER-00220,PROD-0001,1,157.85
ITEM-000550,ORDER-00221,PROD-0339,3,69.59
ITEM-000551,ORDER-00222,PROD-0244,1,69.97
ITEM-000552,ORDER-00222,PROD-0081,3,29.18
ITEM-000553,ORDER-00222,PROD-0392,1,194.63
ITEM-000554,ORDER-00223,PROD-0033,3,47.23
ITEM-000555,ORDER-00224,PROD-0062,2,9.38
ITEM-000556,ORDER-00224,PROD-0182,1,10.72
ITEM-000557,ORDER-00224,PROD-0067,2,98.88
ITEM-000558,ORDER-00224,PROD-0432,1,187.46
ITEM-000559,ORDER-00225,PROD-0307,1,199.88
ITEM-000560,ORDER-00225,PROD-0059,2,14.45
ITEM-000561,ORDER-00225,PROD-0142,2,149.86
ITEM-000562,ORDER-00225,PROD-0079,2,55.51
ITEM-000563,ORDER-00226,PROD-0276,2,152.98
ITEM-000564,ORDER-00226,PROD-0255,3,76.01
ITEM-000565,ORDER-00226,PROD-0022,2,16.72
ITEM-000566,ORDER-00227,PROD-0449,1,45.17
ITEM-000567,ORDER-00228,PROD-0407,3,128.86
ITEM-000568,ORDER-00228,PROD-0025,1,41.14
ITEM-000569,ORDER-00229,PROD-0300,3,171.06
ITEM-000570,ORDER-00229,PROD-0082,3,9.9
ITEM-000571,ORDER-00229,PROD-0240,3,82.89
ITEM-000572,ORDER-00230,PROD-0282,2,36.18
ITEM-000573,ORDER-00231,PROD-0009,2,163.13
ITEM-000574,ORDER-00231,PROD-0420,3,159.4
ITEM-000575,ORDER-00231,PROD-0176,2,55.2
ITEM-000576,ORDER-00231,PROD-0474,1,57.62
ITEM-000577,ORDER-00232,PROD-0279,1,11.79
ITEM-000578,ORDER-00233,PROD-0426,3,119.75
ITEM-000579,ORDER-00234,PROD-0038,2,7.97
ITEM-000580,ORDER-00235,PROD-0032,1,8.36
ITEM-000581,ORDER-00236,PROD-0341,3,189.73
ITEM-000582,ORDER-00236,PROD-0193,3,98.79
ITEM-000583,ORDER-00236,PROD-0485,1,53.3
ITEM-000584,ORDER-00236,PROD-0282,3,155.68
ITEM-000585,ORDER-00237,PROD-0161,2,136.85
ITEM-000586,ORDER-00238,PROD-0500,1,38.77
ITEM-000587,ORDER-00238,PROD-0393,2,77.1
ITEM-000588,ORDER-00239,PROD-0448,3,143.82
ITEM-000589,ORDER-00240,PROD-0005,1,129.42
ITEM-000590,ORDER-00240,PROD-0399,3,167.46
ITEM-000591,ORDER-00241,PROD-0324,3,137.72
ITEM-000592,ORDER-00241,PROD-0227,1,31.32
ITEM-000593,ORDER-00242,PROD-0105,1,41.21
ITEM-000594,ORDER-00242,PROD-0315,2,106.17
ITEM-000595,ORDER-00242,PROD-0097,3,67.4
ITEM-000596,ORDER-00243,PROD-0066,2,134.13
ITEM-000597,ORDER-00243,PROD-0049,1,80.8
ITEM-000598,ORDER-00244,PROD-0058,1,82.26
ITEM-000599,ORDER-00244,PROD-0491,3,150.97
ITEM-000600,ORDER-00245,PROD-0036,3,50.11
ITEM-000601,ORDER-00246,PROD-0307,2,37.45
ITEM-000602,ORDER-00246,PROD-0460,3,140.49
ITEM-000603,ORDER-00246,PROD-0387,3,162.03
ITEM-000604,ORDER-00246,PROD-0435,2,5.81
ITEM-000605,ORDER-00247,PROD-0046,2,34.03
ITEM-000606,ORDER-00248,PROD-0224,1,182.71
ITEM-000607,ORDER-00249,PROD-0021,1,80.62
ITEM-000608,ORDER-00250,PROD-0286,1,73.17
ITEM-000609,ORDER-00250,PROD-0064,2,81.66
ITEM-000610,ORDER-00250,PROD-0151,3,10.09
ITEM-000611,ORDER-00250,PROD-0213,2,96.39
ITEM-000612,ORDER-00251,PROD-0370,1,191.33
ITEM-000613,ORDER-00251,PROD-0381,1,72.0
ITEM-000614,ORDER-00251,PROD-0150,1,184.03
ITEM-000615,ORDER-00251,PROD-0048,2,126.93
ITEM-000616,ORDER-00252,PROD-0390,2,81.75
ITEM-000617,ORDER-00253,PROD-0497,1,156.68
ITEM-000618,ORDER-00254,PROD-0204,1,146.22
ITEM-000619,ORDER-00254,PROD-0482,3,5.06
ITEM-000620,ORDER-00255,PROD-0467,2,109.81
ITEM-000621,ORDER-00255,PROD-0115,3,105.64
ITEM-000622,ORDER-00255,PROD-0429,1,44.46
ITEM-000623,ORDER-00256,PROD-0171,2,52.84
ITEM-000624,ORDER-00256,PROD-0406,3,38.51
ITEM-000625,ORDER-00256,PROD-0452,2,60.21
ITEM-000626,ORDER-00256,PROD-0004,1,73.9
ITEM-000627,ORDER-00257,PROD-0456,2,134.98
ITEM-000628,ORDER-00257,PROD-0032,2,164.14
ITEM-000629,ORDER-00257,PROD-0426,2,18.92
ITEM-000630,ORDER-00257,PROD-0304,3,57.65
ITEM-000631,ORDER-00258,PROD-0234,1,123.8
ITEM-000632,ORDER-00258,PROD-0076,3,146.33
ITEM-000633,ORDER-00258,PROD-0182,1,113.61
ITEM-000634,ORDER-00258,PROD-0177,2,39.22
ITEM-000635,ORDER-00259,PROD-0303,3,168.1
ITEM-000636,ORDER-00260,PROD-0272,1,59.22
ITEM-000637,ORDER-00260,PROD-0438,2,163.84
ITEM-000638,ORDER-00261,PROD-0430,1,76.83
ITEM-000639,ORDER-00261,PROD-0246,1,92.3
ITEM-000640,ORDER-00262,PROD-0249,3,197.45
ITEM-000641,ORDER-00262,PROD-0219,3,29.25
ITEM-000642,ORDER-00262,PROD-0140,2,149.63
ITEM-000643,ORDER-00263,PROD-0421,1,188.11
ITEM-000644,ORDER-00264,PROD-0349,1,144.78
ITEM-000645,ORDER-00264,PROD-0435,1,150.47
ITEM-000646,ORDER-00265,PROD-0075,3,75.1
ITEM-000647,ORDER-00266,PROD-0092,2,104.07
ITEM-000648,ORDER-00266,PROD-0042,2,41.78
ITEM-000649,ORDER-00266,PROD-0131,3,89.49
ITEM-000650,ORDER-00266,PROD-0375,2,97.99
ITEM-000651,ORDER-00267,PROD-0196,2,141.0
ITEM-000652,ORDER-00267,PROD-0156,3,133.03
ITEM-000653,ORDER-00267,PROD-0166,3,13.89
ITEM-000654,ORDER-00268,PROD-0424,3,36.67
ITEM-000655,ORDER-00268,PROD-0398,2,23.49
ITEM-000656,ORDER-00268,PROD-0269,3,142.32
ITEM-000657,ORDER-00268,PROD-0175,1,150.69
ITEM-000658,ORDER-00269,PROD-0329,3,194.51
ITEM-000659,ORDER-00269,PROD-0126,3,127.25
ITEM-000660,ORDER-00269,PROD-0007,2,72.14
ITEM-000661,ORDER-00269,PROD-0047,2,93.86
ITEM-000662,ORDER-00270,PROD-0104,3,148.29
ITEM-000663,ORDER-00270,PROD-0448,1,161.32
ITEM-000664,ORDER-00270,PROD-0277,1,42.93
ITEM-000665,ORDER-00271,PROD-0032,3,64.84
ITEM-000666,ORDER-00272,PROD-0145,1,40.42
ITEM-000667,ORDER-00273,PROD-0361,1,148.34
ITEM-000668,ORDER-00274,PROD-0368,1,12.22
ITEM-000669,ORDER-00274,PROD-0275,2,119.46
ITEM-000670,ORDER-00274,PROD-0021,3,101.94
ITEM-000671,ORDER-00274,PROD-0398,2,28.14
ITEM-000672,ORDER-00275,PROD-0034,2,9.9
ITEM-000673,ORDER-00276,PROD-0376,3,52.08
ITEM-000674,ORDER-00277,PROD-0273,1,111.31
ITEM-000675,ORDER-00277,PROD-0482,1,43.48
ITEM-000676,ORDER-00277,PROD-0055,2,153.78
ITEM-000677,ORDER-00278,PROD-0054,1,55.2
ITEM-000678,ORDER-00278,PROD-0436,2,101.14
ITEM-000679,ORDER-00278,PROD-0269,3,126.12
ITEM-000680,ORDER-00279,PROD-0060,3,6.64
ITEM-000681,ORDER-00279,PROD-0091,2,155.06
ITEM-000682,ORDER-00279,PROD-0490,1,44.48
ITEM-000683,ORDER-00280,PROD-0301,1,73.26
ITEM-000684,ORDER-00280,PROD-0312,1,44.03
ITEM-000685,ORDER-00280,PROD-0015,2,171.25
ITEM-000686,ORDER-00280,PROD-0135,3,35.17
ITEM-000687,ORDER-00281,PROD-0002,3,199.11
ITEM-000688,ORDER-00281,PROD-0379,3,61.09
ITEM-000689,ORDER-00281,PROD-0016,3,86.1
ITEM-000690,ORDER-00282,PROD-0474,2,62.89
ITEM-000691,ORDER-00282,PROD-0454,1,74.21
ITEM-000692,ORDER-00282,PROD-0375,2,199.01
ITEM-000693,ORDER-00283,PROD-0371,2,97.66
ITEM-000694,ORDER-00284,PROD-0336,1,53.23
ITEM-000695,ORDER-00285,PROD-0484,2,71.68
ITEM-000696,ORDER-00286,PROD-0030,3,76.6
ITEM-000697,ORDER-00286,PROD-0199,2,198.39
ITEM-000698,ORDER-00286,PROD-0046,3,173.55
ITEM-000699,ORDER-00287,PROD-0098,3,173.82
ITEM-000700,ORDER-00287,PROD-0054,2,121.82
ITEM-000701,ORDER-00287,PROD-0182,1,109.69
ITEM-000702,ORDER-00288,PROD-0242,3,132.7
ITEM-000703,ORDER-00288,PROD-0328,1,115.7
ITEM-000704,ORDER-00288,PROD-0028,1,95.25
ITEM-000705,ORDER-00288,PROD-0429,3,149.32
ITEM-000706,ORDER-00289,PROD-0006,1,163.44
ITEM-000707,ORDER-00289,PROD-0375,2,24.82
ITEM-000708,ORDER-00290,PROD-0412,2,40.45
ITEM-000709,ORDER-00290,PROD-0290,3,162.14
ITEM-000710,ORDER-00290,PROD-0235,3,21.38
ITEM-000711,ORDER-00291,PROD-0126,2,41.4
ITEM-000712,ORDER-00292,PROD-0274,3,91.08
ITEM-000713,ORDER-00292,PROD-0325,2,196.61
ITEM-000714,ORDER-00293,PROD-0214,3,126.09
ITEM-000715,ORDER-00293,PROD-0421,1,39.23
ITEM-000716,ORDER-00293,PROD-0109,3,22.67
ITEM-000717,ORDER-00293,PROD-0500,3,137.18
ITEM-000718,ORDER-00294,PROD-0271,1,99.33
ITEM-000719,ORDER-00294,PROD-0334,3,126.08
ITEM-000720,ORDER-00294,PROD-0496,1,185.48
ITEM-000721,ORDER-00294,PROD-0442,3,140.22
ITEM-000722,ORDER-00295,PROD-0348,1,146.48
ITEM-000723,ORDER-00296,PROD-0397,3,191.68
ITEM-000724,ORDER-00296,PROD-0263,3,99.9
ITEM-000725,ORDER-00296,PROD-0115,2,150.36
ITEM-000726,ORDER-00296,PROD-0118,2,198.25
ITEM-000727,ORDER-00297,PROD-0239,2,189.33
ITEM-000728,ORDER-00297,PROD-0433,3,18.51
ITEM-000729,ORDER-00297,PROD-0300,2,141.27
ITEM-000730,ORDER-00298,PROD-0257,2,28.14
ITEM-000731,ORDER-00298,PROD-0306,2,146.5
ITEM-000732,ORDER-00298,PROD-0267,1,194.74
ITEM-000733,ORDER-00299,PROD-0169,3,105.2
ITEM-000734,ORDER-00299,PROD-0258,3,154.43
ITEM-000735,ORDER-00299,PROD-0391,3,164.12
ITEM-000736,ORDER-00299,PROD-0191,3,125.63
ITEM-000737,ORDER-00300,PROD-0092,3,172.12
ITEM-000738,ORDER-00300,PROD-0459,3,153.21
ITEM-000739,ORDER-00301,PROD-0003,1,43.1
ITEM-000740,ORDER-00301,PROD-0153,1,66.33
ITEM-000741,ORDER-00302,PROD-0237,3,185.75
ITEM-000742,ORDER-00302,PROD-0368,2,47.53
ITEM-000743,ORDER-00303,PROD-0078,1,197.71
ITEM-000744,ORDER-00304,PROD-0353,2,192.0
ITEM-000745,ORDER-00304,PROD-0415,1,60.33
ITEM-000746,ORDER-00304,PROD-0326,1,53.81
ITEM-000747,ORDER-00305,PROD-0086,3,45.17
ITEM-000748,ORDER-00306,PROD-0285,1,188.25
ITEM-000749,ORDER-00306,PROD-0053,2,88.37
ITEM-000750,ORDER-00307,PROD-0295,3,33.2
ITEM-000751,ORDER-00307,PROD-0074,3,16.16
ITEM-000752,ORDER-00308,PROD-0334,3,158.37
ITEM-000753,ORDER-00309,PROD-0105,3,168.16
ITEM-000754,ORDER-00309,PROD-0325,2,14.26
ITEM-000755,ORDER-00309,PROD-0032,1,87.6
ITEM-000756,ORDER-00309,PROD-0387,1,164.9
ITEM-000757,ORDER-00310,PROD-0123,3,22.33
ITEM-000758,ORDER-00310,PROD-0309,1,46.6
ITEM-000759,ORDER-00310,PROD-0114,2,93.68
ITEM-000760,ORDER-00311,PROD-0164,2,24.24
ITEM-000761,ORDER-00311,PROD-0038,2,160.76
ITEM-000762,ORDER-00311,PROD-0224,1,69.01
ITEM-000763,ORDER-00311,PROD-0009,3,132.46
ITEM-000764,ORDER-00312,PROD-0280,2,68.54
ITEM-000765,ORDER-00312,PROD-0243,1,155.51
ITEM-000766,ORDER-00312,PROD-0089,3,116.16
ITEM-000767,ORDER-00312,PROD-0193,1,196.04
ITEM-000768,ORDER-00313,PROD-0031,3,124.93
ITEM-000769,ORDER-00313,PROD-0228,2,127.8
ITEM-000770,ORDER-00314,PROD-0238,1,165.98
ITEM-000771,ORDER-00314,PROD-0037,1,132.97
ITEM-000772,ORDER-00315,PROD-0374,2,188.63
ITEM-000773,ORDER-00315,PROD-0232,1,119.15
ITEM-000774,ORDER-00315,PROD-0488,1,116.57
ITEM-000775,ORDER-00316,PROD-0416,2,101.11
ITEM-000776,ORDER-00316,PROD-0248,3,72.48
ITEM-000777,ORDER-00316,PROD-0428,1,115.54
ITEM-000778,ORDER-00317,PROD-0454,1,77.7
ITEM-000779,ORDER-00317,PROD-0134,3,41.81
ITEM-000780,ORDER-00317,PROD-0167,3,20.58
ITEM-000781,ORDER-00318,PROD-0415,1,60.03
ITEM-000782,ORDER-00318,PROD-0020,2,131.35
ITEM-000783,ORDER-00318,PROD-0282,2,18.01
ITEM-000784,ORDER-00319,PROD-0461,1,53.47
ITEM-000785,ORDER-00319,PROD-0470,2,191.18
ITEM-000786,ORDER-00319,PROD-0094,1,84.08
ITEM-000787,ORDER-00319,PROD-0492,3,186.64
ITEM-000788,ORDER-00320,PROD-0482,2,74.32
ITEM-000789,ORDER-00320,PROD-0454,3,45.66
ITEM-000790,ORDER-00320,PROD-0101,3,128.72
ITEM-000791,ORDER-00321,PROD-0481,3,27.9
ITEM-000792,ORDER-00321,PROD-0459,1,96.63
ITEM-000793,ORDER-00321,PROD-0177,3,152.59
ITEM-000794,ORDER-00321,PROD-0213,2,143.2
ITEM-000795,ORDER-00322,PROD-0319,1,119.04
ITEM-000796,ORDER-00322,PROD-0170,1,95.98
ITEM-000797,ORDER-00322,PROD-0323,1,161.99
ITEM-000798,ORDER-00323,PROD-0436,2,122.68
ITEM-000799,ORDER-00323,PROD-0131,2,103.56
ITEM-000800,ORDER-00323,PROD-0218,1,136.61
ITEM-000801,ORDER-00323,PROD-0184,2,85.49
ITEM-000802,ORDER-00324,PROD-0422,3,152.54
ITEM-000803,ORDER-00324,PROD-0207,1,175.38
ITEM-000804,ORDER-00324,PROD-0143,1,136.51
ITEM-000805,ORDER-00324,PROD-0099,2,86.66
ITEM-000806,ORDER-00325,PROD-0139,3,102.72
ITEM-000807,ORDER-00326,PROD-0095,2,88.65
ITEM-000808,ORDER-00326,PROD-0490,3,139.25
ITEM-000809,ORDER-00326,PROD-0168,1,92.63
ITEM-000810,ORDER-00327,PROD-0368,3,175.51
ITEM-000811,ORDER-00327,PROD-0068,2,52.29
ITEM-000812,ORDER-00327,PROD-0036,1,49.38
ITEM-000813,ORDER-00327,PROD-0030,3,27.5
ITEM-000814,ORDER-00328,PROD-0052,1,61.74
ITEM-000815,ORDER-00329,PROD-0043,1,5.89
ITEM-000816,ORDER-00330,PROD-0260,2,82.57
ITEM-000817,ORDER-00330,PROD-0341,1,90.07
ITEM-000818,ORDER-00330,PROD-0280,1,37.64
ITEM-000819,ORDER-00331,PROD-0151,3,172.49
ITEM-000820,ORDER-00331,PROD-0083,3,67.01
ITEM-000821,ORDER-00331,PROD-0141,2,68.35
ITEM-000822,ORDER-00331,PROD-0308,2,121.08
ITEM-000823,ORDER-00332,PROD-0138,3,151.8
ITEM-000824,ORDER-00332,PROD-0392,3,123.9
ITEM-000825,ORDER-00333,PROD-0201,1,156.37
ITEM-000826,ORDER-00333,PROD-0219,3,68.78
ITEM-000827,ORDER-00333,PROD-0188,3,195.3
ITEM-000828,ORDER-00333,PROD-0014,1,69.78
ITEM-000829,ORDER-00334,PROD-0009,2,72.78
ITEM-000830,ORDER-00334,PROD-0203,1,199.01
ITEM-000831,ORDER-00334,PROD-0381,1,138.58
ITEM-000832,ORDER-00335,PROD-0120,3,24.28
ITEM-000833,ORDER-00335,PROD-0068,2,176.22
ITEM-000834,ORDER-00336,PROD-0432,1,175.88
ITEM-000835,ORDER-00337,PROD-0035,1,191.25
ITEM-000836,ORDER-00337,PROD-0455,2,182.59
ITEM-000837,ORDER-00337,PROD-0219,3,197.95
ITEM-000838,ORDER-00337,PROD-0255,3,119.48
ITEM-000839,ORDER-00338,PROD-0266,2,12.56
ITEM-000840,ORDER-00338,PROD-0294,1,177.71
ITEM-000841,ORDER-00338,PROD-0028,3,25.55
ITEM-000842,ORDER-00339,PROD-0330,2,191.16
ITEM-000843,ORDER-00339,PROD-0086,1,12.51
ITEM-000844,ORDER-00340,PROD-0412,1,147.89
ITEM-000845,ORDER-00341,PROD-0472,2,33.92
ITEM-000846,ORDER-00342,PROD-0042,3,140.52
ITEM-000847,ORDER-00342,PROD-0321,2,135.54
ITEM-000848,ORDER-00342,PROD-0041,3,193.51
ITEM-000849,ORDER-00343,PROD-0138,3,103.75
ITEM-000850,ORDER-00343,PROD-0001,1,194.59
ITEM-000851,ORDER-00343,PROD-0426,1,108.98
ITEM-000852,ORDER-00344,PROD-0202,1,142.55
ITEM-000853,ORDER-00345,PROD-0186,2,182.0
ITEM-000854,ORDER-00345,PROD-0352,2,76.38
ITEM-000855,ORDER-00345,PROD-0332,1,36.11
ITEM-000856,ORDER-00346,PROD-0217,2,21.06
ITEM-000857,ORDER-00346,PROD-0203,1,169.3
ITEM-000858,ORDER-00346,PROD-0112,1,43.56
ITEM-000859,ORDER-00346,PROD-0324,2,36.08
ITEM-000860,ORDER-00347,PROD-0481,3,156.73
ITEM-000861,ORDER-00348,PROD-0270,3,47.05
ITEM-000862,ORDER-00349,PROD-0113,3,195.77
ITEM-000863,ORDER-00350,PROD-0479,2,61.45
ITEM-000864,ORDER-00350,PROD-0061,2,89.67
ITEM-000865,ORDER-00350,PROD-0236,1,30.45
ITEM-000866,ORDER-00351,PROD-0232,1,98.12
ITEM-000867,ORDER-00351,PROD-0288,3,85.79
ITEM-000868,ORDER-00352,PROD-0368,2,136.72
ITEM-000869,ORDER-00352,PROD-0178,3,58.0
ITEM-000870,ORDER-00352,PROD-0346,1,190.14
ITEM-000871,ORDER-00352,PROD-0426,3,76.83
ITEM-000872,ORDER-00353,PROD-0164,1,154.56
ITEM-000873,ORDER-00353,PROD-0226,3,185.33
ITEM-000874,ORDER-00353,PROD-0254,3,8.27
ITEM-000875,ORDER-00354,PROD-0147,3,78.25
ITEM-000876,ORDER-00354,PROD-0380,2,158.66
ITEM-000877,ORDER-00355,PROD-0383,2,186.2
ITEM-000878,ORDER-00355,PROD-0001,3,65.12
ITEM-000879,ORDER-00355,PROD-0241,2,120.42
ITEM-000880,ORDER-00355,PROD-0442,2,178.81
ITEM-000881,ORDER-00356,PROD-0159,1,166.28
ITEM-000882,ORDER-00356,PROD-0027,2,14.01
ITEM-000883,ORDER-00357,PROD-0143,3,76.35
ITEM-000884,ORDER-00357,PROD-0383,2,118.67
ITEM-000885,ORDER-00357,PROD-0282,2,31.09
ITEM-000886,ORDER-00357,PROD-0039,1,31.33
ITEM-000887,ORDER-00358,PROD-0345,1,78.09
ITEM-000888,ORDER-00358,PROD-0374,3,83.71
ITEM-000889,ORDER-00358,PROD-0160,1,27.89
ITEM-000890,ORDER-00359,PROD-0352,2,50.95
ITEM-000891,ORDER-00359,PROD-0472,1,22.78
ITEM-000892,ORDER-00359,PROD-0268,2,7.29
ITEM-000893,ORDER-00359,PROD-0157,3,66.95
ITEM-000894,ORDER-00360,PROD-0341,3,44.19
ITEM-000895,ORDER-00361,PROD-0476,1,81.42
ITEM-000896,ORDER-00361,PROD-0186,3,28.61
ITEM-000897,ORDER-00361,PROD-0003,2,114.52
ITEM-000898,ORDER-00362,PROD-0047,3,176.43
ITEM-000899,ORDER-00362,PROD-0471,1,60.02
ITEM-000900,ORDER-00362,PROD-0208,2,121.58
ITEM-000901,ORDER-00362,PROD-0068,1,18.46
ITEM-000902,ORDER-00363,PROD-0114,1,124.09
ITEM-000903,ORDER-00363,PROD-0212,1,43.94
ITEM-000904,ORDER-00363,PROD-0027,2,87.5
ITEM-000905,ORDER-00364,PROD-0406,3,72.39
ITEM-000906,ORDER-00365,PROD-0484,3,59.85
ITEM-000907,ORDER-00366,PROD-0124,1,83.68
ITEM-000908,ORDER-00366,PROD-0293,2,104.27
ITEM-000909,ORDER-00367,PROD-0117,1,41.46
ITEM-000910,ORDER-00367,PROD-0285,2,137.83
ITEM-000911,ORDER-00367,PROD-0416,1,88.66
ITEM-000912,ORDER-00368,PROD-0034,3,44.87
ITEM-000913,ORDER-00368,PROD-0418,1,13.37
ITEM-000914,ORDER-00369,PROD-0049,1,187.59
ITEM-000915,ORDER-00370,PROD-0454,1,198.18
ITEM-000916,ORDER-00370,PROD-0195,3,148.05
ITEM-000917,ORDER-00370,PROD-0021,1,74.63
ITEM-000918,ORDER-00370,PROD-0155,1,95.77
ITEM-000919,ORDER-00371,PROD-0216,2,131.11
ITEM-000920,ORDER-00372,PROD-0252,1,154.97
ITEM-000921,ORDER-00373,PROD-0409,1,45.23
ITEM-000922,ORDER-00373,PROD-0348,1,28.92
ITEM-000923,ORDER-00373,PROD-0204,3,7.05
ITEM-000924,ORDER-00373,PROD-0455,1,115.06
ITEM-000925,ORDER-00374,PROD-0180,2,144.43
ITEM-000926,ORDER-00375,PROD-0167,2,128.46
ITEM-000927,ORDER-00375,PROD-0123,3,54.28
ITEM-000928,ORDER-00376,PROD-0275,3,11.01
ITEM-000929,ORDER-00377,PROD-0166,2,169.85
ITEM-000930,ORDER-00377,PROD-0445,3,48.79
ITEM-000931,ORDER-00377,PROD-0401,3,79.05
ITEM-000932,ORDER-00377,PROD-0366,1,145.12
ITEM-000933,ORDER-00378,PROD-0297,1,124.82
ITEM-000934,ORDER-00378,PROD-0275,2,21.28
ITEM-000935,ORDER-00378,PROD-0375,1,6.25
ITEM-000936,ORDER-00379,PROD-0465,3,149.54
ITEM-000937,ORDER-00379,PROD-0255,3,15.52
ITEM-000938,ORDER-00380,PROD-0371,2,120.09
ITEM-000939,ORDER-00380,PROD-0019,1,154.14
ITEM-000940,ORDER-00381,PROD-0451,1,178.01
ITEM-000941,ORDER-00382,PROD-0424,1,174.45
ITEM-000942,ORDER-00382,PROD-0370,3,84.16
ITEM-000943,ORDER-00383,PROD-0064,2,91.46
ITEM-000944,ORDER-00383,PROD-0468,2,66.13
ITEM-000945,ORDER-00383,PROD-0042,2,184.67
ITEM-000946,ORDER-00383,PROD-0172,1,102.01
ITEM-000947,ORDER-00384,PROD-0335,1,84.38
ITEM-000948,ORDER-00384,PROD-0487,3,185.77
ITEM-000949,ORDER-00384,PROD-0106,3,171.76
ITEM-000950,ORDER-00384,PROD-0298,2,132.21
ITEM-000951,ORDER-00385,PROD-0132,1,94.05
ITEM-000952,ORDER-00385,PROD-0482,2,84.95
ITEM-000953,ORDER-00385,PROD-0374,2,123.54
ITEM-000954,ORDER-00385,PROD-0453,1,125.51
ITEM-000955,ORDER-00386,PROD-0261,1,127.73
ITEM-000956,ORDER-00387,PROD-0247,2,165.16
ITEM-000957,ORDER-00387,PROD-0279,3,93.08
ITEM-000958,ORDER-00388,PROD-0460,2,27.23
ITEM-000959,ORDER-00389,PROD-0166,1,88.91
ITEM-000960,ORDER-00389,PROD-0267,2,68.96
ITEM-000961,ORDER-00390,PROD-0107,3,109.18
ITEM-000962,ORDER-00391,PROD-0327,1,91.55
ITEM-000963,ORDER-00392,PROD-0287,1,127.57
ITEM-000964,ORDER-00392,PROD-0433,1,189.94
ITEM-000965,ORDER-00392,PROD-0067,3,82.97
ITEM-000966,ORDER-00393,PROD-0392,2,105.91
ITEM-000967,ORDER-00394,PROD-0306,3,59.83
ITEM-000968,ORDER-00395,PROD-0334,1,60.95
ITEM-000969,ORDER-00395,PROD-0196,1,186.79
ITEM-000970,ORDER-00396,PROD-0290,3,57.05
ITEM-000971,ORDER-00396,PROD-0311,1,79.49
ITEM-000972,ORDER-00396,PROD-0167,3,196.26
ITEM-000973,ORDER-00397,PROD-0433,2,160.64
ITEM-000974,ORDER-00397,PROD-0113,3,174.46
ITEM-000975,ORDER-00398,PROD-0119,3,12.88
ITEM-000976,ORDER-00398,PROD-0013,3,62.15
ITEM-000977,ORDER-00399,PROD-0095,1,68.41
ITEM-000978,ORDER-00400,PROD-0029,2,61.47
ITEM-000979,ORDER-00400,PROD-0417,2,39.95
ITEM-000980,ORDER-00401,PROD-0321,3,132.06
ITEM-000981,ORDER-00401,PROD-0376,1,191.66
ITEM-000982,ORDER-00401,PROD-0367,1,96.63
ITEM-000983,ORDER-00402,PROD-0329,3,136.27
ITEM-000984,ORDER-00403,PROD-0065,1,44.15
ITEM-000985,ORDER-00404,PROD-0259,2,148.57
ITEM-000986,ORDER-00404,PROD-0121,2,52.42
ITEM-000987,ORDER-00404,PROD-0407,1,159.54
ITEM-000988,ORDER-00404,PROD-0429,2,181.62
ITEM-000989,ORDER-00405,PROD-0235,2,179.49
ITEM-000990,ORDER-00405,PROD-0093,3,155.33
ITEM-000991,ORDER-00405,PROD-0210,3,82.92
ITEM-000992,ORDER-00406,PROD-0242,3,166.42
ITEM-000993,ORDER-00406,PROD-0307,2,136.81
ITEM-000994,ORDER-00407,PROD-0214,2,169.13
ITEM-000995,ORDER-00407,PROD-0067,1,65.15
ITEM-000996,ORDER-00407,PROD-0186,3,119.24
ITEM-000997,ORDER-00408,PROD-0424,3,54.24
ITEM-000998,ORDER-00408,PROD-0374,2,25.18
ITEM-000999,ORDER-00408,PROD-0056,1,13.5
ITEM-001000,ORDER-00409,PROD-0010,1,106.07
ITEM-001001,ORDER-00410,PROD-0379,3,35.23
ITEM-001002,ORDER-00410,PROD-0335,2,199.35
ITEM-001003,ORDER-00410,PROD-0210,3,96.37
ITEM-001004,ORDER-00411,PROD-0334,3,10.91
ITEM-001005,ORDER-00412,PROD-0461,1,45.25
ITEM-001006,ORDER-00412,PROD-0488,1,167.5
ITEM-001007,ORDER-00412,PROD-0375,2,132.46
ITEM-001008,ORDER-00412,PROD-0186,1,17.29
ITEM-001009,ORDER-00413,PROD-0434,3,7.87
ITEM-001010,ORDER-00413,PROD-0054,1,145.39
ITEM-001011,ORDER-00413,PROD-0444,3,56.45
ITEM-001012,ORDER-00413,PROD-0479,1,19.82
ITEM-001013,ORDER-00414,PROD-0384,1,181.4
ITEM-001014,ORDER-00414,PROD-0349,2,101.55
ITEM-001015,ORDER-00414,PROD-0379,2,155.68
ITEM-001016,ORDER-00415,PROD-0358,3,161.29
ITEM-001017,ORDER-00415,PROD-0301,2,77.59
ITEM-001018,ORDER-00416,PROD-0282,3,176.99
ITEM-001019,ORDER-00416,PROD-0451,1,173.68
ITEM-001020,ORDER-00417,PROD-0078,2,156.0
ITEM-001021,ORDER-00417,PROD-0169,2,143.01
ITEM-001022,ORDER-00417,PROD-0006,3,97.59
ITEM-001023,ORDER-00417,PROD-0013,3,184.23
ITEM-001024,ORDER-00418,PROD-0181,1,138.7
ITEM-001025,ORDER-00419,PROD-0009,3,38.67
ITEM-001026,ORDER-00420,PROD-0160,3,94.42
ITEM-001027,ORDER-00420,PROD-0314,1,96.96
ITEM-001028,ORDER-00420,PROD-0025,3,66.88
ITEM-001029,ORDER-00421,PROD-0453,2,97.11
ITEM-001030,ORDER-00421,PROD-0211,2,46.49
ITEM-001031,ORDER-00421,PROD-0316,2,158.78
ITEM-001032,ORDER-00421,PROD-0277,2,181.11
ITEM-001033,ORDER-00422,PROD-0264,1,27.61
ITEM-001034,ORDER-00422,PROD-0437,3,197.46
ITEM-001035,ORDER-00423,PROD-0024,1,199.31
ITEM-001036,ORDER-00423,PROD-0246,1,16.9
ITEM-001037,ORDER-00423,PROD-0066,3,27.59
ITEM-001038,ORDER-00423,PROD-0008,1,45.11
ITEM-001039,ORDER-00424,PROD-0422,3,89.68
ITEM-001040,ORDER-00424,PROD-0089,1,188.41
ITEM-001041,ORDER-00425,PROD-0497,2,34.08
ITEM-001042,ORDER-00425,PROD-0123,3,110.11
ITEM-001043,ORDER-00426,PROD-0119,3,141.73
ITEM-001044,ORDER-00426,PROD-0256,2,174.17
ITEM-001045,ORDER-00427,PROD-0070,3,138.63
ITEM-001046,ORDER-00427,PROD-0452,1,27.86
ITEM-001047,ORDER-00428,PROD-0453,1,189.57
ITEM-001048,ORDER-00429,PROD-0324,2,170.64
ITEM-001049,ORDER-00429,PROD-0406,3,31.7
ITEM-001050,ORDER-00429,PROD-0391,2,186.98
ITEM-001051,ORDER-00429,PROD-0488,2,191.33
ITEM-001052,ORDER-00430,PROD-0355,2,87.26
ITEM-001053,ORDER-00430,PROD-0076,3,7.06
ITEM-001054,ORDER-00430,PROD-0300,2,14.51
ITEM-001055,ORDER-00431,PROD-0063,3,172.02
ITEM-001056,ORDER-00431,PROD-0221,1,154.47
ITEM-001057,ORDER-00431,PROD-0141,1,193.69
ITEM-001058,ORDER-00432,PROD-0082,2,38.38
ITEM-001059,ORDER-00432,PROD-0380,2,106.55
ITEM-001060,ORDER-00432,PROD-0132,2,147.88
ITEM-001061,ORDER-00433,PROD-0129,2,69.26
ITEM-001062,ORDER-00433,PROD-0442,1,165.34
ITEM-001063,ORDER-00433,PROD-0104,3,196.39
ITEM-001064,ORDER-00433,PROD-0121,2,146.23
ITEM-001065,ORDER-00434,PROD-0082,3,79.64
ITEM-001066,ORDER-00434,PROD-0114,3,168.08
ITEM-001067,ORDER-00435,PROD-0397,3,82.3
ITEM-001068,ORDER-00435,PROD-0047,2,28.67
ITEM-001069,ORDER-00436,PROD-0239,3,46.48
ITEM-001070,ORDER-00436,PROD-0402,2,198.54
ITEM-001071,ORDER-00437,PROD-0293,2,14.55
ITEM-001072,ORDER-00437,PROD-0096,1,47.67
ITEM-001073,ORDER-00437,PROD-0475,3,41.35
ITEM-001074,ORDER-00438,PROD-0405,1,198.78
ITEM-001075,ORDER-00438,PROD-0460,2,53.67
ITEM-001076,ORDER-00439,PROD-0248,3,93.97
ITEM-001077,ORDER-00439,PROD-0008,2,19.16
ITEM-001078,ORDER-00439,PROD-0320,2,99.4
ITEM-001079,ORDER-00439,PROD-0366,3,135.32
ITEM-001080,ORDER-00440,PROD-0124,3,60.0
ITEM-001081,ORDER-00440,PROD-0102,3,189.23
ITEM-001082,ORDER-00441,PROD-0270,2,9.08
ITEM-001083,ORDER-00441,PROD-0166,3,74.69
ITEM-001084,ORDER-00441,PROD-0341,1,42.14
ITEM-001085,ORDER-00442,PROD-0321,2,146.89
ITEM-001086,ORDER-00443,PROD-0177,3,180.09
ITEM-001087,ORDER-00443,PROD-0326,3,90.27
ITEM-001088,ORDER-00443,PROD-0456,2,193.12
ITEM-001089,ORDER-00443,PROD-0019,2,8.97
ITEM-001090,ORDER-00444,PROD-0428,2,69.08
ITEM-001091,ORDER-00445,PROD-0120,1,6.38
ITEM-001092,ORDER-00446,PROD-0446,3,44.11
ITEM-001093,ORDER-00446,PROD-0326,1,29.7
ITEM-001094,ORDER-00446,PROD-0325,1,193.85
ITEM-001095,ORDER-00447,PROD-0040,2,89.13
ITEM-001096,ORDER-00448,PROD-0416,2,145.05
ITEM-001097,ORDER-00449,PROD-0264,3,18.71
ITEM-001098,ORDER-00449,PROD-0279,2,134.77
ITEM-001099,ORDER-00449,PROD-0451,3,28.16
ITEM-001100,ORDER-00450,PROD-0384,3,81.55
ITEM-001101,ORDER-00450,PROD-0416,3,129.37
ITEM-001102,ORDER-00450,PROD-0143,1,137.3
ITEM-001103,ORDER-00450,PROD-0028,2,10.74
ITEM-001104,ORDER-00451,PROD-0186,1,181.15
ITEM-001105,ORDER-00451,PROD-0038,1,179.81
ITEM-001106,ORDER-00451,PROD-0483,2,77.03
ITEM-001107,ORDER-00451,PROD-0342,1,68.58
ITEM-001108,ORDER-00452,PROD-0208,1,60.34
ITEM-001109,ORDER-00452,PROD-0063,2,52.34
ITEM-001110,ORDER-00453,PROD-0079,2,89.37
ITEM-001111,ORDER-00454,PROD-0364,1,176.51
ITEM-001112,ORDER-00454,PROD-0109,2,174.8
ITEM-001113,ORDER-00454,PROD-0055,3,53.85
ITEM-001114,ORDER-00454,PROD-0455,1,122.76
ITEM-001115,ORDER-00455,PROD-0179,2,142.14
ITEM-001116,ORDER-00456,PROD-0111,1,19.79
ITEM-001117,ORDER-00457,PROD-0396,2,132.79
ITEM-001118,ORDER-00457,PROD-0041,3,98.63
ITEM-001119,ORDER-00457,PROD-0401,3,41.35
ITEM-001120,ORDER-00458,PROD-0106,3,181.25
ITEM-001121,ORDER-00458,PROD-0464,3,99.14
ITEM-001122,ORDER-00459,PROD-0032,2,21.89
ITEM-001123,ORDER-00459,PROD-0053,2,71.08
ITEM-001124,ORDER-00459,PROD-0282,1,83.29
ITEM-001125,ORDER-00459,PROD-0281,3,15.61
ITEM-001126,ORDER-00460,PROD-0035,2,44.99
ITEM-001127,ORDER-00460,PROD-0157,1,63.67
ITEM-001128,ORDER-00460,PROD-0458,1,64.41
ITEM-001129,ORDER-00461,PROD-0018,1,119.97
ITEM-001130,ORDER-00461,PROD-0409,2,188.13
ITEM-001131,ORDER-00461,PROD-0059,3,194.19
ITEM-001132,ORDER-00461,PROD-0400,3,112.54
ITEM-001133,ORDER-00462,PROD-0139,3,29.41
ITEM-001134,ORDER-00462,PROD-0182,1,72.68
ITEM-001135,ORDER-00462,PROD-0281,1,196.19
ITEM-001136,ORDER-00462,PROD-0377,2,114.24
ITEM-001137,ORDER-00463,PROD-0213,2,113.62
ITEM-001138,ORDER-00463,PROD-0477,3,127.01
ITEM-001139,ORDER-00463,PROD-0149,3,47.01
ITEM-001140,ORDER-00464,PROD-0241,2,140.68
ITEM-001141,ORDER-00464,PROD-0312,2,117.14
ITEM-001142,ORDER-00464,PROD-0452,3,177.53
ITEM-001143,ORDER-00464,PROD-0318,3,148.16
ITEM-001144,ORDER-00465,PROD-0145,3,187.79
ITEM-001145,ORDER-00466,PROD-0054,1,199.06
ITEM-001146,ORDER-00467,PROD-0473,2,135.09
ITEM-001147,ORDER-00467,PROD-0262,1,113.76
ITEM-001148,ORDER-00467,PROD-0083,3,157.57
ITEM-001149,ORDER-00467,PROD-0114,1,194.66
ITEM-001150,ORDER-00468,PROD-0346,1,101.83
ITEM-001151,ORDER-00468,PROD-0071,2,183.77
ITEM-001152,ORDER-00469,PROD-0333,2,9.5
ITEM-001153,ORDER-00469,PROD-0379,3,73.7
ITEM-001154,ORDER-00469,PROD-0404,1,198.17
ITEM-001155,ORDER-00470,PROD-0394,2,137.26
ITEM-001156,ORDER-00470,PROD-0319,2,48.51
ITEM-001157,ORDER-00470,PROD-0156,1,19.3
ITEM-001158,ORDER-00471,PROD-0317,3,104.9
ITEM-001159,ORDER-00472,PROD-0458,1,15.08
ITEM-001160,ORDER-00472,PROD-0182,3,160.67
ITEM-001161,ORDER-00472,PROD-0435,2,173.74
ITEM-001162,ORDER-00473,PROD-0410,2,48.19
ITEM-001163,ORDER-00474,PROD-0439,2,42.47
ITEM-001164,ORDER-00474,PROD-0385,1,140.19
ITEM-001165,ORDER-00475,PROD-0374,1,96.25
ITEM-001166,ORDER-00475,PROD-0314,2,198.86
ITEM-001167,ORDER-00475,PROD-0026,2,130.81
ITEM-001168,ORDER-00476,PROD-0265,1,104.57
ITEM-001169,ORDER-00476,PROD-0295,2,173.18
ITEM-001170,ORDER-00477,PROD-0496,3,53.87
ITEM-001171,ORDER-00477,PROD-0434,3,180.3
ITEM-001172,ORDER-00477,PROD-0157,3,19.82
ITEM-001173,ORDER-00478,PROD-0052,1,19.2
ITEM-001174,ORDER-00478,PROD-0352,2,107.79
ITEM-001175,ORDER-00479,PROD-0482,2,120.78
ITEM-001176,ORDER-00479,PROD-0212,1,105.64
ITEM-001177,ORDER-00480,PROD-0436,1,58.7
ITEM-001178,ORDER-00480,PROD-0192,1,185.57
ITEM-001179,ORDER-00481,PROD-0151,1,30.23
ITEM-001180,ORDER-00481,PROD-0017,1,105.23
ITEM-001181,ORDER-00481,PROD-0272,1,116.38
ITEM-001182,ORDER-00482,PROD-0103,1,95.67
ITEM-001183,ORDER-00483,PROD-0222,1,179.75
ITEM-001184,ORDER-00483,PROD-0242,2,143.82
ITEM-001185,ORDER-00483,PROD-0469,2,74.36
ITEM-001186,ORDER-00483,PROD-0247,3,43.4
ITEM-001187,ORDER-00484,PROD-0293,3,152.1
ITEM-001188,ORDER-00484,PROD-0489,1,146.9
ITEM-001189,ORDER-00484,PROD-0232,1,46.27
ITEM-001190,ORDER-00485,PROD-0198,2,155.52
ITEM-001191,ORDER-00485,PROD-0350,3,102.66
ITEM-001192,ORDER-00485,PROD-0239,2,16.49
ITEM-001193,ORDER-00486,PROD-0118,2,57.58
ITEM-001194,ORDER-00486,PROD-0192,3,150.65
ITEM-001195,ORDER-00486,PROD-0276,3,38.62
ITEM-001196,ORDER-00486,PROD-0287,3,17.04
ITEM-001197,ORDER-00487,PROD-0209,2,129.69
ITEM-001198,ORDER-00487,PROD-0116,2,129.7
ITEM-001199,ORDER-00488,PROD-0127,3,109.21
ITEM-001200,ORDER-00489,PROD-0135,3,51.14
ITEM-001201,ORDER-00489,PROD-0447,1,115.94
ITEM-001202,ORDER-00489,PROD-0244,3,16.55
ITEM-001203,ORDER-00490,PROD-0288,2,162.43
ITEM-001204,ORDER-00491,PROD-0003,2,66.98
ITEM-001205,ORDER-00491,PROD-0500,2,123.65
ITEM-001206,ORDER-00491,PROD-0165,3,159.41
ITEM-001207,ORDER-00491,PROD-0408,1,69.85
ITEM-001208,ORDER-00492,PROD-0111,3,41.16
ITEM-001209,ORDER-00493,PROD-0338,3,104.03
ITEM-001210,ORDER-00493,PROD-0108,3,185.05
ITEM-001211,ORDER-00493,PROD-0038,3,41.75
ITEM-001212,ORDER-00493,PROD-0248,2,186.0
ITEM-001213,ORDER-00494,PROD-0052,1,194.21
ITEM-001214,ORDER-00494,PROD-0461,2,24.68
ITEM-001215,ORDER-00495,PROD-0211,1,171.96
ITEM-001216,ORDER-00496,PROD-0237,3,27.68
ITEM-001217,ORDER-00497,PROD-0348,2,185.35
ITEM-001218,ORDER-00497,PROD-0320,3,52.45
ITEM-001219,ORDER-00498,PROD-0460,3,198.63
ITEM-001220,ORDER-00499,PROD-0274,3,85.87
ITEM-001221,ORDER-00499,PROD-0213,1,79.54
ITEM-001222,ORDER-00500,PROD-0053,1,92.14
ITEM-001223,ORDER-00500,PROD-0304,2,151.48
ITEM-001224,ORDER-00500,PROD-0101,1,188.15
ITEM-001225,ORDER-00501,PROD-0276,3,131.32
ITEM-001226,ORDER-00501,PROD-0311,3,107.84
ITEM-001227,ORDER-00501,PROD-0464,3,177.48
ITEM-001228,ORDER-00501,PROD-0443,2,117.07
ITEM-001229,ORDER-00502,PROD-0386,2,159.88
ITEM-001230,ORDER-00503,PROD-0127,3,61.73
ITEM-001231,ORDER-00504,PROD-0139,2,89.35
ITEM-001232,ORDER-00504,PROD-0329,1,6.86
ITEM-001233,ORDER-00505,PROD-0246,2,180.88
ITEM-001234,ORDER-00505,PROD-0317,1,7.86
ITEM-001235,ORDER-00505,PROD-0408,2,75.7
ITEM-001236,ORDER-00505,PROD-0342,3,147.4
ITEM-001237,ORDER-00506,PROD-0036,3,135.19
ITEM-001238,ORDER-00506,PROD-0094,2,118.79
ITEM-001239,ORDER-00506,PROD-0453,1,103.8
ITEM-001240,ORDER-00507,PROD-0289,2,76.7
ITEM-001241,ORDER-00507,PROD-0330,1,180.76
ITEM-001242,ORDER-00507,PROD-0345,1,117.26
ITEM-001243,ORDER-00507,PROD-0052,3,172.15
ITEM-001244,ORDER-00508,PROD-0287,2,6.4
ITEM-001245,ORDER-00508,PROD-0214,2,107.63
ITEM-001246,ORDER-00509,PROD-0412,1,109.45
ITEM-001247,ORDER-00509,PROD-0064,3,127.74
ITEM-001248,ORDER-00509,PROD-0024,2,33.5
ITEM-001249,ORDER-00509,PROD-0180,3,85.67
ITEM-001250,ORDER-00510,PROD-0371,2,174.04
ITEM-001251,ORDER-00510,PROD-0107,2,195.87
ITEM-001252,ORDER-00510,PROD-0362,2,121.46
ITEM-001253,ORDER-00510,PROD-0053,2,130.4
ITEM-001254,ORDER-00511,PROD-0188,3,96.94
ITEM-001255,ORDER-00511,PROD-0198,1,86.64
ITEM-001256,ORDER-00512,PROD-0063,3,197.36
ITEM-001257,ORDER-00513,PROD-0027,3,141.38
ITEM-001258,ORDER-00513,PROD-0301,3,156.9
ITEM-001259,ORDER-00514,PROD-0092,1,139.66
ITEM-001260,ORDER-00514,PROD-0494,2,119.03
ITEM-001261,ORDER-00515,PROD-0011,1,32.92
ITEM-001262,ORDER-00515,PROD-0457,1,5.51
ITEM-001263,ORDER-00515,PROD-0390,2,83.58
ITEM-001264,ORDER-00515,PROD-0049,2,196.63
ITEM-001265,ORDER-00516,PROD-0196,2,166.31
ITEM-001266,ORDER-00517,PROD-0436,3,173.02
ITEM-001267,ORDER-00517,PROD-0348,1,132.49
ITEM-001268,ORDER-00517,PROD-0154,2,169.18
ITEM-001269,ORDER-00517,PROD-0157,2,181.84
ITEM-001270,ORDER-00518,PROD-0488,2,146.41
ITEM-001271,ORDER-00518,PROD-0186,1,191.45
ITEM-001272,ORDER-00518,PROD-0221,1,23.18
ITEM-001273,ORDER-00519,PROD-0378,1,113.6
ITEM-001274,ORDER-00520,PROD-0319,3,142.66
ITEM-001275,ORDER-00521,PROD-0250,1,181.59
ITEM-001276,ORDER-00521,PROD-0332,2,91.81
ITEM-001277,ORDER-00521,PROD-0254,3,52.8
ITEM-001278,ORDER-00521,PROD-0452,2,170.36
ITEM-001279,ORDER-00522,PROD-0310,2,89.39
ITEM-001280,ORDER-00522,PROD-0053,2,138.18
ITEM-001281,ORDER-00522,PROD-0487,1,148.03
ITEM-001282,ORDER-00523,PROD-0393,2,177.95
ITEM-001283,ORDER-00523,PROD-0022,2,138.59
ITEM-001284,ORDER-00523,PROD-0093,3,52.3
ITEM-001285,ORDER-00524,PROD-0303,2,114.15
ITEM-001286,ORDER-00524,PROD-0405,3,162.7
ITEM-001287,ORDER-00524,PROD-0371,3,195.17
ITEM-001288,ORDER-00524,PROD-0079,3,92.06
ITEM-001289,ORDER-00525,PROD-0274,2,114.13
ITEM-001290,ORDER-00525,PROD-0199,3,167.1
ITEM-001291,ORDER-00526,PROD-0255,1,132.96
ITEM-001292,ORDER-00526,PROD-0214,1,120.57
ITEM-001293,ORDER-00526,PROD-0250,3,152.39
ITEM-001294,ORDER-00527,PROD-0340,1,87.92
ITEM-001295,ORDER-00528,PROD-0251,1,100.27
ITEM-001296,ORDER-00528,PROD-0486,2,16.74
ITEM-001297,ORDER-00529,PROD-0331,1,18.04
ITEM-001298,ORDER-00530,PROD-0409,2,116.78
ITEM-001299,ORDER-00530,PROD-0001,1,97.79
ITEM-001300,ORDER-00531,PROD-0344,1,13.92
ITEM-001301,ORDER-00531,PROD-0117,3,161.32
ITEM-001302,ORDER-00532,PROD-0188,2,173.25
ITEM-001303,ORDER-00533,PROD-0320,3,169.49
ITEM-001304,ORDER-00533,PROD-0346,2,117.79
ITEM-001305,ORDER-00534,PROD-0304,2,82.83
ITEM-001306,ORDER-00534,PROD-0417,2,152.65
ITEM-001307,ORDER-00535,PROD-0161,2,109.2
ITEM-001308,ORDER-00535,PROD-0327,1,54.59
ITEM-001309,ORDER-00535,PROD-0380,3,128.44
ITEM-001310,ORDER-00535,PROD-0104,1,85.75
ITEM-001311,ORDER-00536,PROD-0414,3,71.49
ITEM-001312,ORDER-00536,PROD-0121,1,194.99
ITEM-001313,ORDER-00537,PROD-0491,2,111.11
ITEM-001314,ORDER-00537,PROD-0262,2,11.25
ITEM-001315,ORDER-00537,PROD-0422,1,38.44
ITEM-001316,ORDER-00538,PROD-0279,2,46.21
ITEM-001317,ORDER-00538,PROD-0406,3,132.11
ITEM-001318,ORDER-00538,PROD-0228,3,33.03
ITEM-001319,ORDER-00539,PROD-0157,2,145.51
ITEM-001320,ORDER-00539,PROD-0296,2,28.83
ITEM-001321,ORDER-00540,PROD-0497,3,125.88
ITEM-001322,ORDER-00540,PROD-0014,3,8.62
ITEM-001323,ORDER-00540,PROD-0410,1,54.8
ITEM-001324,ORDER-00541,PROD-0356,1,162.71
ITEM-001325,ORDER-00542,PROD-0205,2,90.44
ITEM-001326,ORDER-00542,PROD-0439,2,94.13
ITEM-001327,ORDER-00542,PROD-0140,3,176.95
ITEM-001328,ORDER-00543,PROD-0364,1,94.58
ITEM-001329,ORDER-00543,PROD-0398,1,120.65
ITEM-001330,ORDER-00543,PROD-0227,2,31.38
ITEM-001331,ORDER-00544,PROD-0003,2,187.97
ITEM-001332,ORDER-00544,PROD-0479,3,140.89
ITEM-001333,ORDER-00544,PROD-0343,3,23.6
ITEM-001334,ORDER-00544,PROD-0078,2,140.43
ITEM-001335,ORDER-00545,PROD-0113,3,16.75
ITEM-001336,ORDER-00545,PROD-0304,2,109.69
ITEM-001337,ORDER-00545,PROD-0329,1,125.07
ITEM-001338,ORDER-00545,PROD-0296,3,114.79
ITEM-001339,ORDER-00546,PROD-0174,3,38.22
ITEM-001340,ORDER-00547,PROD-0143,1,139.07
ITEM-001341,ORDER-00547,PROD-0306,3,10.28
ITEM-001342,ORDER-00547,PROD-0175,3,145.51
ITEM-001343,ORDER-00548,PROD-0172,1,106.67
ITEM-001344,ORDER-00549,PROD-0002,2,113.09
ITEM-001345,ORDER-00550,PROD-0482,3,152.49
ITEM-001346,ORDER-00551,PROD-0477,2,19.58
ITEM-001347,ORDER-00551,PROD-0425,2,191.33
ITEM-001348,ORDER-00552,PROD-0408,1,21.9
ITEM-001349,ORDER-00552,PROD-0386,3,56.67
ITEM-001350,ORDER-00552,PROD-0126,2,115.54
ITEM-001351,ORDER-00553,PROD-0436,1,98.47
ITEM-001352,ORDER-00553,PROD-0081,3,193.6
ITEM-001353,ORDER-00553,PROD-0085,3,66.23
ITEM-001354,ORDER-00553,PROD-0393,3,126.9
ITEM-001355,ORDER-00554,PROD-0184,1,8.15
ITEM-001356,ORDER-00555,PROD-0397,3,62.18
ITEM-001357,ORDER-00555,PROD-0432,1,78.28
ITEM-001358,ORDER-00555,PROD-0455,1,83.7
ITEM-001359,ORDER-00555,PROD-0139,3,15.88
ITEM-001360,ORDER-00556,PROD-0041,1,113.47
ITEM-001361,ORDER-00556,PROD-0187,3,193.83
ITEM-001362,ORDER-00556,PROD-0125,3,97.65
ITEM-001363,ORDER-00557,PROD-0221,1,24.33
ITEM-001364,ORDER-00557,PROD-0095,1,131.99
ITEM-001365,ORDER-00557,PROD-0006,1,167.07
ITEM-001366,ORDER-00558,PROD-0242,3,196.39
ITEM-001367,ORDER-00558,PROD-0073,2,198.04
ITEM-001368,ORDER-00558,PROD-0422,2,95.46
ITEM-001369,ORDER-00559,PROD-0037,2,184.6
ITEM-001370,ORDER-00559,PROD-0224,1,112.48
ITEM-001371,ORDER-00560,PROD-0499,3,84.39
ITEM-001372,ORDER-00560,PROD-0315,3,86.29
ITEM-001373,ORDER-00560,PROD-0497,1,75.45
ITEM-001374,ORDER-00561,PROD-0199,3,123.45
ITEM-001375,ORDER-00561,PROD-0257,2,92.45
ITEM-001376,ORDER-00561,PROD-0116,1,40.08
ITEM-001377,ORDER-00562,PROD-0004,3,47.03
ITEM-001378,ORDER-00562,PROD-0224,3,114.94
ITEM-001379,ORDER-00563,PROD-0358,3,42.79
ITEM-001380,ORDER-00563,PROD-0296,2,122.75
ITEM-001381,ORDER-00563,PROD-0213,3,162.79
ITEM-001382,ORDER-00564,PROD-0333,3,192.31
ITEM-001383,ORDER-00564,PROD-0321,3,63.75
ITEM-001384,ORDER-00565,PROD-0476,1,169.04
ITEM-001385,ORDER-00565,PROD-0278,1,95.07
ITEM-001386,ORDER-00566,PROD-0418,2,187.55
ITEM-001387,ORDER-00567,PROD-0263,2,149.82
ITEM-001388,ORDER-00567,PROD-0315,3,41.15
ITEM-001389,ORDER-00568,PROD-0304,2,178.22
ITEM-001390,ORDER-00568,PROD-0223,3,87.27
ITEM-001391,ORDER-00568,PROD-0141,3,116.31
ITEM-001392,ORDER-00569,PROD-0135,2,93.27
ITEM-001393,ORDER-00570,PROD-0331,1,20.99
ITEM-001394,ORDER-00570,PROD-0465,1,169.65
ITEM-001395,ORDER-00571,PROD-0303,2,146.31
ITEM-001396,ORDER-00572,PROD-0216,3,79.76
ITEM-001397,ORDER-00573,PROD-0448,2,15.98
ITEM-001398,ORDER-00573,PROD-0389,1,142.24
ITEM-001399,ORDER-00573,PROD-0075,2,119.18
ITEM-001400,ORDER-00573,PROD-0178,3,143.8
ITEM-001401,ORDER-00574,PROD-0236,2,6.25
ITEM-001402,ORDER-00574,PROD-0238,1,196.85
ITEM-001403,ORDER-00574,PROD-0460,2,166.29
ITEM-001404,ORDER-00575,PROD-0075,1,158.42
ITEM-001405,ORDER-00575,PROD-0358,3,149.51
ITEM-001406,ORDER-00576,PROD-0302,2,69.06
ITEM-001407,ORDER-00576,PROD-0270,1,62.07
ITEM-001408,ORDER-00577,PROD-0447,1,118.65
ITEM-001409,ORDER-00577,PROD-0294,2,176.81
ITEM-001410,ORDER-00577,PROD-0462,3,74.46
ITEM-001411,ORDER-00578,PROD-0170,2,56.86
ITEM-001412,ORDER-00579,PROD-0087,2,117.52
ITEM-001413,ORDER-00579,PROD-0056,1,123.4
ITEM-001414,ORDER-00580,PROD-0177,3,68.35
ITEM-001415,ORDER-00580,PROD-0015,3,17.37
ITEM-001416,ORDER-00580,PROD-0069,2,135.44
ITEM-001417,ORDER-00581,PROD-0173,2,126.11
ITEM-001418,ORDER-00581,PROD-0471,2,64.18
ITEM-001419,ORDER-00581,PROD-0492,3,108.16
ITEM-001420,ORDER-00582,PROD-0196,2,123.46
ITEM-001421,ORDER-00582,PROD-0194,1,19.82
ITEM-001422,ORDER-00582,PROD-0062,2,104.81
ITEM-001423,ORDER-00582,PROD-0149,2,159.86
ITEM-001424,ORDER-00583,PROD-0052,1,15.51
ITEM-001425,ORDER-00583,PROD-0256,1,6.13
ITEM-001426,ORDER-00584,PROD-0339,1,161.86
ITEM-001427,ORDER-00584,PROD-0243,3,105.85
ITEM-001428,ORDER-00584,PROD-0381,2,141.94
ITEM-001429,ORDER-00585,PROD-0269,2,17.0
ITEM-001430,ORDER-00585,PROD-0005,1,92.87
ITEM-001431,ORDER-00585,PROD-0438,3,72.97
ITEM-001432,ORDER-00586,PROD-0473,2,68.53
ITEM-001433,ORDER-00586,PROD-0381,3,161.47
ITEM-001434,ORDER-00586,PROD-0135,3,13.29
ITEM-001435,ORDER-00586,PROD-0010,2,171.91
ITEM-001436,ORDER-00587,PROD-0318,3,190.1
ITEM-001437,ORDER-00587,PROD-0404,1,8.96
ITEM-001438,ORDER-00587,PROD-0372,3,85.74
ITEM-001439,ORDER-00588,PROD-0112,3,17.38
ITEM-001440,ORDER-00588,PROD-0442,1,41.27
ITEM-001441,ORDER-00589,PROD-0209,2,166.85
ITEM-001442,ORDER-00589,PROD-0399,2,140.88
ITEM-001443,ORDER-00589,PROD-0281,2,159.79
ITEM-001444,ORDER-00589,PROD-0057,1,55.3
ITEM-001445,ORDER-00590,PROD-0446,3,75.1
ITEM-001446,ORDER-00590,PROD-0351,1,132.73
ITEM-001447,ORDER-00591,PROD-0182,3,91.13
ITEM-001448,ORDER-00592,PROD-0133,2,162.75
ITEM-001449,ORDER-00592,PROD-0388,1,7.77
ITEM-001450,ORDER-00592,PROD-0361,2,111.54
ITEM-001451,ORDER-00593,PROD-0259,3,9.54
ITEM-001452,ORDER-00594,PROD-0261,1,147.95
ITEM-001453,ORDER-00594,PROD-0261,3,186.72
ITEM-001454,ORDER-00594,PROD-0112,3,187.64
ITEM-001455,ORDER-00594,PROD-0409,2,131.35
ITEM-001456,ORDER-00595,PROD-0060,1,9.89
ITEM-001457,ORDER-00595,PROD-0031,2,30.92
ITEM-001458,ORDER-00596,PROD-0162,3,116.99
ITEM-001459,ORDER-00597,PROD-0463,3,131.85
ITEM-001460,ORDER-00597,PROD-0298,3,114.8
ITEM-001461,ORDER-00597,PROD-0369,2,134.63
ITEM-001462,ORDER-00598,PROD-0349,2,157.37
ITEM-001463,ORDER-00598,PROD-0104,1,59.26
ITEM-001464,ORDER-00599,PROD-0058,3,166.7
ITEM-001465,ORDER-00600,PROD-0393,3,115.97
ITEM-001466,ORDER-00601,PROD-0376,1,85.39
ITEM-001467,ORDER-00601,PROD-0238,1,95.31
ITEM-001468,ORDER-00601,PROD-0284,3,116.5
ITEM-001469,ORDER-00602,PROD-0433,2,27.99
ITEM-001470,ORDER-00602,PROD-0030,3,60.72
ITEM-001471,ORDER-00603,PROD-0495,3,140.46
ITEM-001472,ORDER-00604,PROD-0368,1,74.98
ITEM-001473,ORDER-00604,PROD-0122,3,134.0
ITEM-001474,ORDER-00604,PROD-0271,2,104.72
ITEM-001475,ORDER-00605,PROD-0179,1,110.44
ITEM-001476,ORDER-00606,PROD-0359,2,123.49
ITEM-001477,ORDER-00606,PROD-0469,1,20.54
ITEM-001478,ORDER-00606,PROD-0064,1,107.86
ITEM-001479,ORDER-00607,PROD-0272,3,48.27
ITEM-001480,ORDER-00607,PROD-0210,3,145.58
ITEM-001481,ORDER-00608,PROD-0166,2,152.35
ITEM-001482,ORDER-00609,PROD-0188,3,10.85
ITEM-001483,ORDER-00609,PROD-0055,1,7.6
ITEM-001484,ORDER-00609,PROD-0370,1,138.76
ITEM-001485,ORDER-00609,PROD-0369,2,22.57
ITEM-001486,ORDER-00610,PROD-0061,1,187.69
ITEM-001487,ORDER-00610,PROD-0287,3,50.44
ITEM-001488,ORDER-00611,PROD-0020,1,150.67
ITEM-001489,ORDER-00611,PROD-0297,3,86.33
ITEM-001490,ORDER-00611,PROD-0399,2,83.8
ITEM-001491,ORDER-00612,PROD-0256,1,130.7
ITEM-001492,ORDER-00613,PROD-0023,2,40.13
ITEM-001493,ORDER-00613,PROD-0125,3,97.74
ITEM-001494,ORDER-00613,PROD-0032,1,86.82
ITEM-001495,ORDER-00614,PROD-0357,1,123.17
ITEM-001496,ORDER-00615,PROD-0205,1,72.24
ITEM-001497,ORDER-00615,PROD-0291,2,46.41
ITEM-001498,ORDER-00615,PROD-0485,3,178.98
ITEM-001499,ORDER-00616,PROD-0303,1,64.02
ITEM-001500,ORDER-00616,PROD-0136,2,63.95
ITEM-001501,ORDER-00617,PROD-0442,2,133.85
ITEM-001502,ORDER-00617,PROD-0494,1,104.05
ITEM-001503,ORDER-00617,PROD-0208,3,140.46
ITEM-001504,ORDER-00617,PROD-0231,1,64.01
ITEM-001505,ORDER-00618,PROD-0009,2,113.75
ITEM-001506,ORDER-00618,PROD-0474,2,106.7
ITEM-001507,ORDER-00618,PROD-0047,3,51.72
ITEM-001508,ORDER-00618,PROD-0084,2,136.13
ITEM-001509,ORDER-00619,PROD-0448,1,133.32
ITEM-001510,ORDER-00619,PROD-0291,1,72.13
ITEM-001511,ORDER-00620,PROD-0387,2,186.79
ITEM-001512,ORDER-00620,PROD-0026,1,199.6
ITEM-001513,ORDER-00621,PROD-0160,1,194.23
ITEM-001514,ORDER-00622,PROD-0414,3,164.68
ITEM-001515,ORDER-00622,PROD-0337,1,133.77
ITEM-001516,ORDER-00623,PROD-0219,2,133.2
ITEM-001517,ORDER-00623,PROD-0114,1,175.32
ITEM-001518,ORDER-00623,PROD-0472,3,24.09
ITEM-001519,ORDER-00623,PROD-0186,2,149.56
ITEM-001520,ORDER-00624,PROD-0317,3,89.27
ITEM-001521,ORDER-00624,PROD-0457,2,110.07
ITEM-001522,ORDER-00624,PROD-0285,2,20.83
ITEM-001523,ORDER-00625,PROD-0173,3,46.17
ITEM-001524,ORDER-00625,PROD-0398,1,47.34
ITEM-001525,ORDER-00625,PROD-0052,1,160.95
ITEM-001526,ORDER-00625,PROD-0103,3,67.5
ITEM-001527,ORDER-00626,PROD-0344,2,131.02
ITEM-001528,ORDER-00626,PROD-0363,2,93.0
ITEM-001529,ORDER-00626,PROD-0030,3,68.16
ITEM-001530,ORDER-00627,PROD-0452,3,169.68
ITEM-001531,ORDER-00627,PROD-0042,1,181.31
ITEM-001532,ORDER-00627,PROD-0387,3,21.26
ITEM-001533,ORDER-00628,PROD-0461,3,175.12
ITEM-001534,ORDER-00629,PROD-0163,2,141.89
ITEM-001535,ORDER-00630,PROD-0080,1,195.71
ITEM-001536,ORDER-00630,PROD-0300,1,192.65
ITEM-001537,ORDER-00631,PROD-0468,2,53.85
ITEM-001538,ORDER-00631,PROD-0100,2,149.29
ITEM-001539,ORDER-00631,PROD-0401,2,144.88
ITEM-001540,ORDER-00632,PROD-0422,2,93.25
ITEM-001541,ORDER-00633,PROD-0190,3,122.29
ITEM-001542,ORDER-00633,PROD-0116,3,74.07
ITEM-001543,ORDER-00633,PROD-0485,1,177.77
ITEM-001544,ORDER-00633,PROD-0336,2,22.51
ITEM-001545,ORDER-00634,PROD-0422,3,96.48
ITEM-001546,ORDER-00634,PROD-0485,1,40.46
ITEM-001547,ORDER-00634,PROD-0050,1,108.79
ITEM-001548,ORDER-00635,PROD-0482,3,129.28
ITEM-001549,ORDER-00635,PROD-0320,1,132.38
ITEM-001550,ORDER-00636,PROD-0369,1,140.74
ITEM-001551,ORDER-00636,PROD-0335,2,49.13
ITEM-001552,ORDER-00636,PROD-0022,1,105.31
ITEM-001553,ORDER-00637,PROD-0148,2,45.96
ITEM-001554,ORDER-00637,PROD-0390,1,96.61
ITEM-001555,ORDER-00637,PROD-0124,1,34.09
ITEM-001556,ORDER-00638,PROD-0299,3,117.76
ITEM-001557,ORDER-00638,PROD-0314,3,67.82
ITEM-001558,ORDER-00639,PROD-0125,2,146.65
ITEM-001559,ORDER-00639,PROD-0068,2,126.08
ITEM-001560,ORDER-00640,PROD-0153,2,110.67
ITEM-001561,ORDER-00640,PROD-0444,2,100.79
ITEM-001562,ORDER-00640,PROD-0239,2,119.0
ITEM-001563,ORDER-00640,PROD-0118,1,37.89
ITEM-001564,ORDER-00641,PROD-0447,2,53.28
ITEM-001565,ORDER-00642,PROD-0105,3,113.16
ITEM-001566,ORDER-00642,PROD-0420,1,67.6
ITEM-001567,ORDER-00642,PROD-0087,2,144.15
ITEM-001568,ORDER-00643,PROD-0096,3,173.75
ITEM-001569,ORDER-00643,PROD-0383,3,178.0
ITEM-001570,ORDER-00643,PROD-0474,1,146.13
ITEM-001571,ORDER-00644,PROD-0369,1,151.75
ITEM-001572,ORDER-00644,PROD-0408,2,165.82
ITEM-001573,ORDER-00644,PROD-0057,2,21.36
ITEM-001574,ORDER-00644,PROD-0216,3,94.61
ITEM-001575,ORDER-00645,PROD-0281,3,120.43
ITEM-001576,ORDER-00645,PROD-0053,1,179.78
ITEM-001577,ORDER-00646,PROD-0199,2,67.61
ITEM-001578,ORDER-00646,PROD-0208,1,106.12
ITEM-001579,ORDER-00647,PROD-0276,3,15.87
ITEM-001580,ORDER-00648,PROD-0206,1,195.57
ITEM-001581,ORDER-00649,PROD-0141,1,58.33
ITEM-001582,ORDER-00649,PROD-0435,3,81.72
ITEM-001583,ORDER-00649,PROD-0295,2,72.86
ITEM-001584,ORDER-00650,PROD-0445,1,165.94
ITEM-001585,ORDER-00650,PROD-0238,2,54.61
ITEM-001586,ORDER-00650,PROD-0151,1,43.37
ITEM-001587,ORDER-00651,PROD-0013,3,29.17
ITEM-001588,ORDER-00651,PROD-0186,2,51.25
ITEM-001589,ORDER-00651,PROD-0381,3,164.07
ITEM-001590,ORDER-00651,PROD-0479,3,137.08
ITEM-001591,ORDER-00652,PROD-0382,3,136.72
ITEM-001592,ORDER-00652,PROD-0370,3,94.55
ITEM-001593,ORDER-00652,PROD-0258,3,109.5
ITEM-001594,ORDER-00652,PROD-0059,3,194.8
ITEM-001595,ORDER-00653,PROD-0471,3,21.7
ITEM-001596,ORDER-00654,PROD-0374,3,192.86
ITEM-001597,ORDER-00654,PROD-0184,1,110.2
ITEM-001598,ORDER-00654,PROD-0308,2,143.99
ITEM-001599,ORDER-00654,PROD-0261,3,196.45
ITEM-001600,ORDER-00655,PROD-0133,3,89.56
ITEM-001601,ORDER-00656,PROD-0404,1,79.91
ITEM-001602,ORDER-00657,PROD-0176,2,152.16
ITEM-001603,ORDER-00658,PROD-0447,1,99.97
ITEM-001604,ORDER-00658,PROD-0255,1,167.25
ITEM-001605,ORDER-00658,PROD-0261,2,119.57
ITEM-001606,ORDER-00659,PROD-0384,2,101.0
ITEM-001607,ORDER-00659,PROD-0445,1,81.77
ITEM-001608,ORDER-00659,PROD-0300,2,14.7
ITEM-001609,ORDER-00660,PROD-0193,3,108.64
ITEM-001610,ORDER-00660,PROD-0110,3,199.42
ITEM-001611,ORDER-00661,PROD-0362,1,63.67
ITEM-001612,ORDER-00662,PROD-0339,3,11.21
ITEM-001613,ORDER-00662,PROD-0094,1,95.63
ITEM-001614,ORDER-00662,PROD-0218,3,139.61
ITEM-001615,ORDER-00663,PROD-0262,3,198.49
ITEM-001616,ORDER-00663,PROD-0115,2,12.43
ITEM-001617,ORDER-00663,PROD-0421,2,190.73
ITEM-001618,ORDER-00664,PROD-0313,1,26.4
ITEM-001619,ORDER-00664,PROD-0050,1,93.93
ITEM-001620,ORDER-00664,PROD-0114,1,150.12
ITEM-001621,ORDER-00665,PROD-0362,2,20.65
ITEM-001622,ORDER-00665,PROD-0175,2,102.95
ITEM-001623,ORDER-00665,PROD-0310,3,48.35
ITEM-001624,ORDER-00666,PROD-0182,1,159.65
ITEM-001625,ORDER-00666,PROD-0154,3,191.18
ITEM-001626,ORDER-00667,PROD-0328,3,15.65
ITEM-001627,ORDER-00668,PROD-0279,2,66.68
ITEM-001628,ORDER-00668,PROD-0299,2,183.0
ITEM-001629,ORDER-00668,PROD-0009,1,47.16
ITEM-001630,ORDER-00668,PROD-0069,3,183.16
ITEM-001631,ORDER-00669,PROD-0387,2,132.12
ITEM-001632,ORDER-00669,PROD-0238,2,126.58
ITEM-001633,ORDER-00669,PROD-0239,3,75.56
ITEM-001634,ORDER-00670,PROD-0254,2,66.83
ITEM-001635,ORDER-00670,PROD-0316,2,172.29
ITEM-001636,ORDER-00670,PROD-0099,2,47.9
ITEM-001637,ORDER-00670,PROD-0031,3,61.32
ITEM-001638,ORDER-00671,PROD-0073,1,5.03
ITEM-001639,ORDER-00671,PROD-0332,1,107.81
ITEM-001640,ORDER-00671,PROD-0377,2,186.29
ITEM-001641,ORDER-00671,PROD-0111,2,81.83
ITEM-001642,ORDER-00672,PROD-0135,1,138.38
ITEM-001643,ORDER-00672,PROD-0309,1,193.12
ITEM-001644,ORDER-00672,PROD-0447,1,118.42
ITEM-001645,ORDER-00672,PROD-0146,2,98.25
ITEM-001646,ORDER-00673,PROD-0040,2,124.53
ITEM-001647,ORDER-00673,PROD-0093,1,34.25
ITEM-001648,ORDER-00674,PROD-0496,3,167.51
ITEM-001649,ORDER-00674,PROD-0414,3,58.7
ITEM-001650,ORDER-00675,PROD-0163,2,12.05
ITEM-001651,ORDER-00676,PROD-0458,1,65.19
ITEM-001652,ORDER-00676,PROD-0217,2,55.68
ITEM-001653,ORDER-00677,PROD-0338,3,34.88
ITEM-001654,ORDER-00678,PROD-0205,1,5.05
ITEM-001655,ORDER-00678,PROD-0333,3,82.04
ITEM-001656,ORDER-00678,PROD-0470,1,88.06
ITEM-001657,ORDER-00678,PROD-0476,1,158.16
ITEM-001658,ORDER-00679,PROD-0050,3,145.73
ITEM-001659,ORDER-00679,PROD-0163,1,112.5
ITEM-001660,ORDER-00679,PROD-0301,3,159.61
ITEM-001661,ORDER-00680,PROD-0442,2,91.19
ITEM-001662,ORDER-00681,PROD-0149,1,13.46
ITEM-001663,ORDER-00681,PROD-0168,3,116.65
ITEM-001664,ORDER-00682,PROD-0214,1,37.96
ITEM-001665,ORDER-00682,PROD-0054,3,115.9
ITEM-001666,ORDER-00682,PROD-0407,3,105.54
ITEM-001667,ORDER-00683,PROD-0172,2,56.62
ITEM-001668,ORDER-00684,PROD-0446,2,46.02
ITEM-001669,ORDER-00684,PROD-0494,1,122.78
ITEM-001670,ORDER-00684,PROD-0362,3,70.74
ITEM-001671,ORDER-00684,PROD-0170,2,92.45
ITEM-001672,ORDER-00685,PROD-0329,2,149.18
ITEM-001673,ORDER-00685,PROD-0107,3,67.14
ITEM-001674,ORDER-00685,PROD-0460,3,98.9
ITEM-001675,ORDER-00685,PROD-0407,1,19.42
ITEM-001676,ORDER-00686,PROD-0440,3,66.93
ITEM-001677,ORDER-00686,PROD-0184,3,177.64
ITEM-001678,ORDER-00686,PROD-0396,2,58.16
ITEM-001679,ORDER-00686,PROD-0113,1,88.29
ITEM-001680,ORDER-00687,PROD-0025,3,152.24
ITEM-001681,ORDER-00687,PROD-0320,2,24.37
ITEM-001682,ORDER-00687,PROD-0022,2,56.03
ITEM-001683,ORDER-00688,PROD-0292,3,137.81
ITEM-001684,ORDER-00688,PROD-0467,1,7.76
ITEM-001685,ORDER-00688,PROD-0222,1,167.51
ITEM-001686,ORDER-00688,PROD-0409,2,88.68
ITEM-001687,ORDER-00689,PROD-0046,3,179.77
ITEM-001688,ORDER-00690,PROD-0099,2,126.4
ITEM-001689,ORDER-00690,PROD-0312,1,119.83
ITEM-001690,ORDER-00690,PROD-0436,3,74.23
ITEM-001691,ORDER-00690,PROD-0217,2,33.97
ITEM-001692,ORDER-00691,PROD-0311,3,195.15
ITEM-001693,ORDER-00692,PROD-0496,1,137.19
ITEM-001694,ORDER-00692,PROD-0181,2,164.13
ITEM-001695,ORDER-00692,PROD-0500,1,159.86
ITEM-001696,ORDER-00692,PROD-0310,3,96.47
ITEM-001697,ORDER-00693,PROD-0486,3,5.85
ITEM-001698,ORDER-00694,PROD-0432,1,148.72
ITEM-001699,ORDER-00694,PROD-0432,3,42.18
ITEM-001700,ORDER-00694,PROD-0428,2,63.19
ITEM-001701,ORDER-00695,PROD-0272,3,57.0
ITEM-001702,ORDER-00695,PROD-0296,2,193.95
ITEM-001703,ORDER-00696,PROD-0381,2,131.46
ITEM-001704,ORDER-00697,PROD-0289,1,153.37
ITEM-001705,ORDER-00698,PROD-0148,2,180.43
ITEM-001706,ORDER-00698,PROD-0188,3,122.37
ITEM-001707,ORDER-00698,PROD-0249,3,75.16
ITEM-001708,ORDER-00698,PROD-0137,1,103.06
ITEM-001709,ORDER-00699,PROD-0412,1,132.97
ITEM-001710,ORDER-00699,PROD-0132,3,155.34
ITEM-001711,ORDER-00700,PROD-0497,1,73.31
ITEM-001712,ORDER-00700,PROD-0376,3,13.74
ITEM-001713,ORDER-00701,PROD-0131,1,44.2
ITEM-001714,ORDER-00701,PROD-0007,1,80.29
ITEM-001715,ORDER-00702,PROD-0067,1,65.13
ITEM-001716,ORDER-00703,PROD-0295,1,181.49
ITEM-001717,ORDER-00703,PROD-0390,2,10.55
ITEM-001718,ORDER-00704,PROD-0326,1,17.98
ITEM-001719,ORDER-00704,PROD-0284,1,39.68
ITEM-001720,ORDER-00704,PROD-0500,3,108.61
ITEM-001721,ORDER-00705,PROD-0099,2,160.4
ITEM-001722,ORDER-00706,PROD-0412,3,97.57
ITEM-001723,ORDER-00707,PROD-0302,2,127.82
ITEM-001724,ORDER-00707,PROD-0320,2,32.59
ITEM-001725,ORDER-00707,PROD-0436,3,43.78
ITEM-001726,ORDER-00708,PROD-0393,3,92.06
ITEM-001727,ORDER-00709,PROD-0342,3,30.29
ITEM-001728,ORDER-00709,PROD-0122,1,162.31
ITEM-001729,ORDER-00709,PROD-0014,1,14.35
ITEM-001730,ORDER-00710,PROD-0246,3,146.53
ITEM-001731,ORDER-00710,PROD-0416,1,64.19
ITEM-001732,ORDER-00711,PROD-0334,2,35.29
ITEM-001733,ORDER-00712,PROD-0021,2,24.31
ITEM-001734,ORDER-00712,PROD-0014,1,50.31
ITEM-001735,ORDER-00712,PROD-0080,1,163.66
ITEM-001736,ORDER-00712,PROD-0417,2,41.74
ITEM-001737,ORDER-00713,PROD-0364,2,14.03
ITEM-001738,ORDER-00713,PROD-0078,2,51.53
ITEM-001739,ORDER-00714,PROD-0482,2,38.45
ITEM-001740,ORDER-00714,PROD-0111,3,132.75
ITEM-001741,ORDER-00714,PROD-0010,3,6.5
ITEM-001742,ORDER-00714,PROD-0444,2,86.89
ITEM-001743,ORDER-00715,PROD-0255,3,130.81
ITEM-001744,ORDER-00715,PROD-0278,1,174.77
ITEM-001745,ORDER-00716,PROD-0479,3,182.52
ITEM-001746,ORDER-00716,PROD-0203,1,70.92
ITEM-001747,ORDER-00717,PROD-0424,2,196.75
ITEM-001748,ORDER-00717,PROD-0490,3,42.26
ITEM-001749,ORDER-00717,PROD-0328,2,114.77
ITEM-001750,ORDER-00717,PROD-0463,2,60.77
ITEM-001751,ORDER-00718,PROD-0326,3,101.01
ITEM-001752,ORDER-00718,PROD-0310,1,148.86
ITEM-001753,ORDER-00718,PROD-0398,2,147.74
ITEM-001754,ORDER-00719,PROD-0421,3,116.2
ITEM-001755,ORDER-00719,PROD-0375,1,72.1
ITEM-001756,ORDER-00719,PROD-0101,1,15.29
ITEM-001757,ORDER-00720,PROD-0371,2,98.72
ITEM-001758,ORDER-00720,PROD-0018,3,146.24
ITEM-001759,ORDER-00721,PROD-0286,1,92.11
ITEM-001760,ORDER-00722,PROD-0262,3,100.0
ITEM-001761,ORDER-00722,PROD-0161,1,73.57
ITEM-001762,ORDER-00722,PROD-0455,2,57.05
ITEM-001763,ORDER-00723,PROD-0054,2,48.28
ITEM-001764,ORDER-00723,PROD-0393,1,45.71
ITEM-001765,ORDER-00723,PROD-0377,1,61.24
ITEM-001766,ORDER-00723,PROD-0050,2,130.72
ITEM-001767,ORDER-00724,PROD-0477,1,36.02
ITEM-001768,ORDER-00724,PROD-0045,1,125.9
ITEM-001769,ORDER-00725,PROD-0307,1,53.9
ITEM-001770,ORDER-00725,PROD-0100,2,39.61
ITEM-001771,ORDER-00725,PROD-0056,3,42.61
ITEM-001772,ORDER-00725,PROD-0402,1,72.67
ITEM-001773,ORDER-00726,PROD-0386,2,82.08
ITEM-001774,ORDER-00726,PROD-0493,3,161.87
ITEM-001775,ORDER-00726,PROD-0157,3,98.91
ITEM-001776,ORDER-00726,PROD-0346,2,32.23
ITEM-001777,ORDER-00727,PROD-0401,2,107.48
ITEM-001778,ORDER-00727,PROD-0497,2,11.13
ITEM-001779,ORDER-00727,PROD-0108,2,172.8
ITEM-001780,ORDER-00728,PROD-0473,1,79.14
ITEM-001781,ORDER-00729,PROD-0443,3,184.51
ITEM-001782,ORDER-00729,PROD-0341,1,129.78
ITEM-001783,ORDER-00729,PROD-0016,3,75.08
ITEM-001784,ORDER-00729,PROD-0096,2,188.64
ITEM-001785,ORDER-00730,PROD-0118,1,156.65
ITEM-001786,ORDER-00731,PROD-0287,1,75.36
ITEM-001787,ORDER-00732,PROD-0447,2,152.1
ITEM-001788,ORDER-00732,PROD-0173,1,56.5
ITEM-001789,ORDER-00732,PROD-0271,1,46.05
ITEM-001790,ORDER-00733,PROD-0056,3,196.8
ITEM-001791,ORDER-00734,PROD-0280,2,148.84
ITEM-001792,ORDER-00734,PROD-0238,1,89.73
ITEM-001793,ORDER-00734,PROD-0469,2,62.23
ITEM-001794,ORDER-00735,PROD-0007,2,145.87
ITEM-001795,ORDER-00736,PROD-0133,3,179.04
ITEM-001796,ORDER-00737,PROD-0052,2,35.06
ITEM-001797,ORDER-00737,PROD-0266,2,148.78
ITEM-001798,ORDER-00737,PROD-0227,1,103.62
ITEM-001799,ORDER-00738,PROD-0047,1,117.56
ITEM-001800,ORDER-00739,PROD-0496,1,98.84
ITEM-001801,ORDER-00739,PROD-0028,1,55.82
ITEM-001802,ORDER-00739,PROD-0410,3,170.79
ITEM-001803,ORDER-00740,PROD-0124,1,23.89
ITEM-001804,ORDER-00741,PROD-0085,1,64.58
ITEM-001805,ORDER-00741,PROD-0109,3,100.99
ITEM-001806,ORDER-00741,PROD-0373,1,138.09
ITEM-001807,ORDER-00742,PROD-0405,1,55.4
ITEM-001808,ORDER-00743,PROD-0343,2,51.97
ITEM-001809,ORDER-00743,PROD-0279,1,123.62
ITEM-001810,ORDER-00743,PROD-0384,1,88.79
ITEM-001811,ORDER-00744,PROD-0418,3,151.34
ITEM-001812,ORDER-00745,PROD-0405,1,24.16
ITEM-001813,ORDER-00746,PROD-0191,1,183.88
ITEM-001814,ORDER-00746,PROD-0468,2,143.52
ITEM-001815,ORDER-00747,PROD-0230,2,10.15
ITEM-001816,ORDER-00747,PROD-0435,2,121.86
ITEM-001817,ORDER-00747,PROD-0460,1,106.68
ITEM-001818,ORDER-00748,PROD-0447,2,78.29
ITEM-001819,ORDER-00749,PROD-0434,3,154.24
ITEM-001820,ORDER-00750,PROD-0217,3,80.49
ITEM-001821,ORDER-00750,PROD-0408,3,167.41
ITEM-001822,ORDER-00750,PROD-0262,3,144.97
ITEM-001823,ORDER-00751,PROD-0207,2,75.29
ITEM-001824,ORDER-00751,PROD-0101,3,100.19
ITEM-001825,ORDER-00751,PROD-0222,1,16.03
ITEM-001826,ORDER-00751,PROD-0218,3,164.23
ITEM-001827,ORDER-00752,PROD-0369,2,162.97
ITEM-001828,ORDER-00752,PROD-0239,3,19.1
ITEM-001829,ORDER-00752,PROD-0332,1,34.0
ITEM-001830,ORDER-00752,PROD-0442,2,79.64
ITEM-001831,ORDER-00753,PROD-0382,3,142.04
ITEM-001832,ORDER-00754,PROD-0176,1,86.49
ITEM-001833,ORDER-00754,PROD-0239,3,68.88
ITEM-001834,ORDER-00755,PROD-0490,2,146.75
ITEM-001835,ORDER-00755,PROD-0226,2,94.14
ITEM-001836,ORDER-00755,PROD-0143,2,75.54
ITEM-001837,ORDER-00755,PROD-0411,2,106.28
ITEM-001838,ORDER-00756,PROD-0333,2,157.65
ITEM-001839,ORDER-00756,PROD-0306,3,122.89
ITEM-001840,ORDER-00757,PROD-0295,2,28.39
ITEM-001841,ORDER-00757,PROD-0312,1,43.09
ITEM-001842,ORDER-00757,PROD-0153,3,11.23
ITEM-001843,ORDER-00758,PROD-0395,2,120.22
ITEM-001844,ORDER-00758,PROD-0408,1,43.78
ITEM-001845,ORDER-00758,PROD-0295,1,123.04
ITEM-001846,ORDER-00759,PROD-0274,2,171.98
ITEM-001847,ORDER-00759,PROD-0181,1,88.49
ITEM-001848,ORDER-00759,PROD-0334,1,57.63
ITEM-001849,ORDER-00760,PROD-0357,2,99.99
ITEM-001850,ORDER-00760,PROD-0055,1,57.6
ITEM-001851,ORDER-00760,PROD-0071,2,172.61
ITEM-001852,ORDER-00760,PROD-0025,1,82.47
ITEM-001853,ORDER-00761,PROD-0275,1,144.99
ITEM-001854,ORDER-00762,PROD-0461,2,72.3
ITEM-001855,ORDER-00762,PROD-0395,1,101.36
ITEM-001856,ORDER-00762,PROD-0362,2,23.67
ITEM-001857,ORDER-00763,PROD-0091,1,124.13
ITEM-001858,ORDER-00764,PROD-0334,3,158.3
ITEM-001859,ORDER-00764,PROD-0100,3,58.56
ITEM-001860,ORDER-00764,PROD-0089,3,47.52
ITEM-001861,ORDER-00765,PROD-0499,3,46.33
ITEM-001862,ORDER-00765,PROD-0026,2,101.28
ITEM-001863,ORDER-00765,PROD-0461,1,64.56
ITEM-001864,ORDER-00766,PROD-0364,2,152.0
ITEM-001865,ORDER-00766,PROD-0267,1,125.8
ITEM-001866,ORDER-00767,PROD-0061,1,76.64
ITEM-001867,ORDER-00767,PROD-0057,3,66.37
ITEM-001868,ORDER-00767,PROD-0497,3,52.52
ITEM-001869,ORDER-00767,PROD-0313,3,98.36
ITEM-001870,ORDER-00768,PROD-0327,1,180.46
ITEM-001871,ORDER-00768,PROD-0494,2,170.9
ITEM-001872,ORDER-00768,PROD-0189,3,36.56
ITEM-001873,ORDER-00769,PROD-0274,1,187.58
ITEM-001874,ORDER-00769,PROD-0179,2,161.39
ITEM-001875,ORDER-00769,PROD-0450,2,183.66
ITEM-001876,ORDER-00769,PROD-0408,3,178.93
ITEM-001877,ORDER-00770,PROD-0446,2,118.51
ITEM-001878,ORDER-00770,PROD-0440,3,68.3
ITEM-001879,ORDER-00770,PROD-0187,3,121.51
ITEM-001880,ORDER-00771,PROD-0368,3,118.54
ITEM-001881,ORDER-00771,PROD-0464,2,175.79
ITEM-001882,ORDER-00771,PROD-0467,1,28.47
ITEM-001883,ORDER-00771,PROD-0016,1,93.04
ITEM-001884,ORDER-00772,PROD-0011,2,94.39
ITEM-001885,ORDER-00773,PROD-0020,2,15.71
ITEM-001886,ORDER-00773,PROD-0390,1,55.85
ITEM-001887,ORDER-00774,PROD-0112,1,120.24
ITEM-001888,ORDER-00774,PROD-0284,1,102.79
ITEM-001889,ORDER-00774,PROD-0053,2,166.21
ITEM-001890,ORDER-00774,PROD-0311,2,12.26
ITEM-001891,ORDER-00775,PROD-0477,3,148.43
ITEM-001892,ORDER-00775,PROD-0472,1,176.53
ITEM-001893,ORDER-00776,PROD-0147,3,93.18
ITEM-001894,ORDER-00776,PROD-0114,3,179.37
ITEM-001895,ORDER-00776,PROD-0331,3,157.05
ITEM-001896,ORDER-00776,PROD-0385,2,160.54
ITEM-001897,ORDER-00777,PROD-0171,2,59.43
ITEM-001898,ORDER-00778,PROD-0292,3,45.39
ITEM-001899,ORDER-00778,PROD-0218,2,77.18
ITEM-001900,ORDER-00779,PROD-0196,3,140.18
ITEM-001901,ORDER-00779,PROD-0109,2,92.17
ITEM-001902,ORDER-00779,PROD-0488,3,64.96
ITEM-001903,ORDER-00779,PROD-0224,2,118.32
ITEM-001904,ORDER-00780,PROD-0279,1,76.65
ITEM-001905,ORDER-00781,PROD-0429,2,74.65
ITEM-001906,ORDER-00781,PROD-0364,1,72.69
ITEM-001907,ORDER-00782,PROD-0242,1,85.6
ITEM-001908,ORDER-00782,PROD-0461,1,144.75
ITEM-001909,ORDER-00783,PROD-0151,1,35.13
ITEM-001910,ORDER-00783,PROD-0331,2,183.4
ITEM-001911,ORDER-00783,PROD-0289,2,49.73
ITEM-001912,ORDER-00784,PROD-0134,2,176.34
ITEM-001913,ORDER-00784,PROD-0123,3,87.77
ITEM-001914,ORDER-00784,PROD-0496,1,80.56
ITEM-001915,ORDER-00785,PROD-0208,1,100.74
ITEM-001916,ORDER-00785,PROD-0332,1,56.67
ITEM-001917,ORDER-00785,PROD-0064,2,173.83
ITEM-001918,ORDER-00785,PROD-0159,3,178.46
ITEM-001919,ORDER-00786,PROD-0180,2,155.77
ITEM-001920,ORDER-00787,PROD-0161,2,76.07
ITEM-001921,ORDER-00787,PROD-0311,2,176.26
ITEM-001922,ORDER-00787,PROD-0367,2,158.35
ITEM-001923,ORDER-00788,PROD-0374,2,148.87
ITEM-001924,ORDER-00788,PROD-0012,2,55.38
ITEM-001925,ORDER-00788,PROD-0370,1,147.17
ITEM-001926,ORDER-00789,PROD-0351,1,15.32
ITEM-001927,ORDER-00789,PROD-0168,2,103.93
ITEM-001928,ORDER-00789,PROD-0007,2,139.57
ITEM-001929,ORDER-00789,PROD-0044,3,197.29
ITEM-001930,ORDER-00790,PROD-0011,2,117.63
ITEM-001931,ORDER-00790,PROD-0005,2,45.28
ITEM-001932,ORDER-00790,PROD-0148,2,6.83
ITEM-001933,ORDER-00791,PROD-0350,2,128.28
ITEM-001934,ORDER-00791,PROD-0263,1,98.03
ITEM-001935,ORDER-00792,PROD-0147,1,115.43
ITEM-001936,ORDER-00792,PROD-0462,1,151.23
ITEM-001937,ORDER-00793,PROD-0487,1,54.68
ITEM-001938,ORDER-00793,PROD-0455,1,12.08
ITEM-001939,ORDER-00793,PROD-0280,3,37.42
ITEM-001940,ORDER-00793,PROD-0449,1,183.89
ITEM-001941,ORDER-00794,PROD-0491,1,180.68
ITEM-001942,ORDER-00794,PROD-0336,1,97.41
ITEM-001943,ORDER-00794,PROD-0288,2,23.06
ITEM-001944,ORDER-00794,PROD-0266,2,18.52
ITEM-001945,ORDER-00795,PROD-0469,2,188.94
ITEM-001946,ORDER-00796,PROD-0230,3,19.94
ITEM-001947,ORDER-00796,PROD-0485,1,13.63
ITEM-001948,ORDER-00796,PROD-0477,1,24.04
ITEM-001949,ORDER-00796,PROD-0463,1,138.0
ITEM-001950,ORDER-00797,PROD-0275,3,77.29
ITEM-001951,ORDER-00797,PROD-0237,1,154.59
ITEM-001952,ORDER-00798,PROD-0240,3,9.0
ITEM-001953,ORDER-00798,PROD-0494,3,79.13
ITEM-001954,ORDER-00798,PROD-0348,1,53.66
ITEM-001955,ORDER-00799,PROD-0273,1,50.15
ITEM-001956,ORDER-00800,PROD-0227,1,75.93
ITEM-001957,ORDER-00800,PROD-0298,2,149.54
ITEM-001958,ORDER-00800,PROD-0019,2,133.88
ITEM-001959,ORDER-00800,PROD-0322,1,121.06
