order_id,customer_id,order_date,order_status,total_amount,updated_at
ORDER-00001,CUST-00130,2026-09-02,delivered,210.36,2026-09-04 01:02:00
ORDER-00002,CUST-00047,2026-08-06,delivered,108.69,2026-08-07 00:32:00
ORDER-00003,CUST-00271,2026-08-18,delivered,448.01,2026-08-20 02:33:00
ORDER-00004,CUST-00113,2026-09-12,placed,390.64,2026-09-13 16:51:00
ORDER-00005,CUST-00246,2026-06-29,processing,67.87,2026-06-30 09:59:00
ORDER-00006,CUST-00212,2026-06-20,shipped,135.57,2026-06-21 01:50:00
ORDER-00007,CUST-00050,2026-09-11,delivered,254.84,2026-09-12 20:36:00
ORDER-00008,CUST-00162,2026-07-09,cancelled,191.82,2026-07-10 02:54:00
ORDER-00009,CUST-00260,2026-06-01,processing,457.96,2026-06-03 12:01:00
ORDER-00010,CUST-00280,2026-09-01,delivered,476.66,2026-09-02 22:40:00
ORDER-00011,CUST-00137,2026-06-07,placed,20.33,2026-06-08 04:22:00
ORDER-00012,CUST-00200,2026-09-07,delivered,292.18,2026-09-07 16:41:00
ORDER-00013,CUST-00010,2026-06-29,delivered,436.48,2026-07-01 07:15:00
ORDER-00014,CUST-00244,2026-07-24,placed,182.02,2026-07-25 09:25:00
ORDER-00015,CUST-00204,2026-08-25,shipped,83.9,2026-08-27 08:40:00
ORDER-00016,CUST-00103,2026-07-28,delivered,435.89,2026-07-30 13:18:00
ORDER-00017,CUST-00075,2026-07-08,shipped,57.34,2026-07-10 14:23:00
ORDER-00018,CUST-00154,2026-07-09,delivered,39.77,2026-07-10 07:11:00
ORDER-00019,CUST-00005,2026-06-03,shipped,375.31,2026-06-04 06:46:00
ORDER-00020,CUST-00258,2026-06-15,processing,377.2,2026-06-15 19:55:00
ORDER-00021,CUST-00153,2026-06-04,shipped,144.58,2026-06-05 06:54:00
ORDER-00022,CUST-00214,2026-07-03,processing,15.14,2026-07-04 12:12:00
ORDER-00023,CUST-00080,2026-06-29,processing,280.32,2026-06-30 19:53:00
ORDER-00024,CUST-00241,2026-08-12,processing,114.65,2026-08-13 13:36:00
ORDER-00025,CUST-00216,2026-07-18,delivered,150.28,2026-07-19 19:19:00
ORDER-00026,CUST-00150,2026-08-03,delivered,344.31,2026-08-03 09:01:00
ORDER-00027,CUST-00102,2026-06-06,delivered,277.18,2026-06-06 17:11:00
ORDER-00028,CUST-00203,2026-06-13,delivered,306.93,2026-06-14 11:59:00
ORDER-00029,CUST-00043,2026-09-12,cancelled,120.54,2026-09-13 14:09:00
ORDER-00030,CUST-00211,2026-06-08,placed,287.75,2026-06-09 03:13:00
ORDER-00031,CUST-00060,2026-07-06,delivered,453.14,2026-07-06 23:53:00
ORDER-00032,CUST-00128,2026-07-28,delivered,199.28,2026-07-28 20:16:00
ORDER-00033,CUST-00222,2026-09-04,placed,93.38,2026-09-05 20:02:00
ORDER-00034,CUST-00025,2026-09-08,shipped,88.04,2026-09-09 13:37:00
ORDER-00035,CUST-00289,2026-06-02,shipped,155.44,2026-06-04 12:15:00
ORDER-00036,CUST-00185,2026-08-13,delivered,255.34,2026-08-13 18:37:00
ORDER-00037,CUST-00299,2026-08-08,delivered,31.8,2026-08-09 01:39:00
ORDER-00038,CUST-00103,2026-06-13,shipped,77.43,2026-06-14 09:39:00
ORDER-00039,CUST-00135,2026-08-22,placed,331.67,2026-08-23 23:32:00
ORDER-00040,CUST-00296,2026-07-16,delivered,430.81,2026-07-17 01:37:00
ORDER-00041,CUST-00053,2026-08-25,placed,78.48,2026-08-27 10:28:00
ORDER-00042,CUST-00133,2026-08-23,cancelled,140.81,2026-08-25 02:26:00
ORDER-00043,CUST-00179,2026-05-28,delivered,198.43,2026-05-30 10:19:00
ORDER-00044,CUST-00161,2026-08-27,processing,288.02,2026-08-28 11:46:00
ORDER-00045,CUST-00268,2026-06-15,delivered,365.32,2026-06-16 03:48:00
ORDER-00046,CUST-00188,2026-06-21,placed,48.72,2026-06-22 08:40:00
ORDER-00047,CUST-00043,2026-07-07,placed,316.19,2026-07-07 23:17:00
ORDER-00048,CUST-00256,2026-09-11,processing,67.42,2026-09-11 10:46:00
ORDER-00049,CUST-00170,2026-09-19,shipped,333.69,2026-09-20 00:36:00
ORDER-00050,CUST-00067,2026-09-09,shipped,392.97,2026-09-11 11:56:00
ORDER-00051,CUST-00201,2026-09-19,delivered,65.11,2026-09-20 16:10:00
ORDER-00052,CUST-00166,2026-06-10,delivered,40.24,2026-06-10 09:25:00
ORDER-00053,CUST-00299,2026-09-20,delivered,357.0,2026-09-21 09:47:00
ORDER-00054,CUST-00228,2026-07-27,processing,178.24,2026-07-29 20:38:00
ORDER-00055,CUST-00032,2026-08-15,shipped,352.49,2026-08-15 18:30:00
ORDER-00056,CUST-00163,2026-07-14,shipped,497.52,2026-07-15 10:37:00
ORDER-00057,CUST-00234,2026-07-19,delivered,259.53,2026-07-19 19:20:00
ORDER-00058,CUST-00105,2026-05-26,shipped,493.86,2026-05-26 18:25:00
ORDER-00059,CUST-00100,2026-07-09,cancelled,216.27,2026-07-10 03:29:00
ORDER-00060,CUST-00127,2026-06-11,processing,329.18,2026-06-11 17:36:00
ORDER-00061,CUST-00015,2026-07-15,delivered,165.69,2026-07-16 13:17:00
ORDER-00062,CUST-00264,2026-09-11,cancelled,205.6,2026-09-11 20:55:00
ORDER-00063,CUST-00228,2026-06-25,shipped,149.44,2026-06-25 15:26:00
ORDER-00064,CUST-00129,2026-09-08,delivered,276.29,2026-09-09 16:46:00
ORDER-00065,CUST-00211,2026-07-10,cancelled,63.41,2026-07-10 20:21:00
ORDER-00066,CUST-00269,2026-08-11,delivered,28.31,2026-08-12 17:32:00
ORDER-00067,CUST-00181,2026-08-27,shipped,326.89,2026-08-29 20:25:00
ORDER-00068,CUST-00113,2026-05-29,processing,140.26,2026-05-30 15:07:00
ORDER-00069,CUST-00111,2026-09-14,shipped,296.88,2026-09-15 09:18:00
ORDER-00070,CUST-00231,2026-09-23,shipped,298.61,2026-09-24 22:18:00
ORDER-00071,CUST-00285,2026-06-24,delivered,486.24,2026-06-25 21:48:00
ORDER-00072,CUST-00263,2026-07-26,delivered,277.51,2026-07-26 14:03:00
ORDER-00073,CUST-00120,2026-07-22,delivered,132.28,2026-07-24 00:21:00
ORDER-00074,CUST-00159,2026-08-05,processing,93.37,2026-08-07 09:12:00
ORDER-00075,CUST-00195,2026-06-21,delivered,405.72,2026-06-23 20:06:00
ORDER-00076,CUST-00153,2026-09-08,delivered,227.51,2026-09-09 17:04:00
ORDER-00077,CUST-00147,2026-08-07,delivered,411.66,2026-08-07 22:17:00
ORDER-00078,CUST-00157,2026-07-22,shipped,481.39,2026-07-23 03:47:00
ORDER-00079,CUST-00264,2026-07-23,shipped,104.18,2026-07-24 06:12:00
ORDER-00080,CUST-00215,2026-06-16,delivered,399.21,2026-06-17 03:19:00
ORDER-00081,CUST-00077,2026-08-15,shipped,32.87,2026-08-17 19:13:00
ORDER-00082,CUST-00114,2026-06-16,delivered,68.7,2026-06-16 08:07:00
ORDER-00083,CUST-00288,2026-08-13,shipped,116.97,2026-08-13 07:33:00
ORDER-00084,CUST-00064,2026-06-24,processing,95.22,2026-06-26 09:02:00
ORDER-00085,CUST-00299,2026-07-16,delivered,39.71,2026-07-17 22:52:00
ORDER-00086,CUST-00081,2026-09-11,delivered,291.92,2026-09-11 09:41:00
ORDER-00087,CUST-00249,2026-08-29,cancelled,461.53,2026-08-29 06:48:00
ORDER-00088,CUST-00174,2026-08-27,delivered,302.61,2026-08-28 01:57:00
ORDER-00089,CUST-00119,2026-09-17,delivered,141.12,2026-09-17 03:26:00
ORDER-00090,CUST-00112,2026-06-16,delivered,136.07,2026-06-18 06:37:00
ORDER-00091,CUST-00206,2026-09-19,cancelled,276.75,2026-09-20 15:56:00
ORDER-00092,CUST-00163,2026-07-27,cancelled,351.34,2026-07-27 07:31:00
ORDER-00093,CUST-00083,2026-08-28,delivered,283.13,2026-08-30 02:41:00
ORDER-00094,CUST-00122,2026-09-20,delivered,230.6,2026-09-22 08:02:00
ORDER-00095,CUST-00070,2026-06-05,delivered,259.29,2026-06-05 15:56:00
ORDER-00096,CUST-00035,2026-09-16,delivered,146.96,2026-09-18 02:15:00
ORDER-00097,CUST-00237,2026-08-19,processing,497.13,2026-08-19 11:27:00
ORDER-00098,CUST-00294,2026-06-24,delivered,164.47,2026-06-26 10:33:00
ORDER-00099,CUST-00201,2026-08-27,delivered,446.67,2026-08-29 05:14:00
ORDER-00100,CUST-00148,2026-08-17,delivered,93.84,2026-08-18 09:20:00
ORDER-00101,CUST-00109,2026-06-22,delivered,353.96,2026-06-23 21:37:00
ORDER-00102,CUST-00084,2026-09-07,cancelled,325.44,2026-09-09 01:02:00
ORDER-00103,CUST-00161,2026-09-03,placed,490.14,2026-09-05 00:45:00
ORDER-00104,CUST-00071,2026-05-29,cancelled,137.53,2026-05-30 21:42:00
ORDER-00105,CUST-00144,2026-08-20,delivered,13.5,2026-08-20 21:35:00
ORDER-00106,CUST-00062,2026-08-16,delivered,252.61,2026-08-17 01:28:00
ORDER-00107,CUST-00254,2026-06-21,delivered,302.73,2026-06-22 13:33:00
ORDER-00108,CUST-00060,2026-09-10,delivered,188.43,2026-09-11 21:38:00
ORDER-00109,CUST-00094,2026-08-28,delivered,388.46,2026-08-30 08:45:00
ORDER-00110,CUST-00279,2026-07-06,shipped,491.53,2026-07-06 21:23:00
ORDER-00111,CUST-00253,2026-06-02,delivered,298.63,2026-06-04 01:21:00
ORDER-00112,CUST-00101,2026-06-26,shipped,281.8,2026-06-27 06:32:00
ORDER-00113,CUST-00242,2026-08-10,delivered,196.01,2026-08-10 20:08:00
ORDER-00114,CUST-00137,2026-08-03,processing,372.16,2026-08-04 03:06:00
ORDER-00115,CUST-00258,2026-06-26,placed,19.51,2026-06-28 00:25:00
ORDER-00116,CUST-00280,2026-06-05,processing,293.46,2026-06-06 03:09:00
ORDER-00117,CUST-00174,2026-06-07,delivered,236.81,2026-06-09 13:14:00
ORDER-00118,CUST-00285,2026-08-08,delivered,296.86,2026-08-09 02:55:00
ORDER-00119,CUST-00005,2026-05-26,shipped,341.14,2026-05-26 16:44:00
ORDER-00120,CUST-00251,2026-06-23,cancelled,366.23,2026-06-24 12:02:00
ORDER-00121,CUST-00072,2026-08-11,delivered,30.59,2026-08-12 16:26:00
ORDER-00122,CUST-00206,2026-07-01,shipped,167.97,2026-07-01 10:23:00
ORDER-00123,CUST-00076,2026-08-12,shipped,207.7,2026-08-13 13:50:00
ORDER-00124,CUST-00115,2026-08-13,placed,302.17,2026-08-14 00:30:00
ORDER-00125,CUST-00265,2026-06-02,delivered,191.49,2026-06-04 03:05:00
ORDER-00126,CUST-00123,2026-06-29,delivered,167.78,2026-06-29 19:52:00
ORDER-00127,CUST-00059,2026-06-21,placed,131.69,2026-06-22 23:33:00
ORDER-00128,CUST-00106,2026-08-16,delivered,177.78,2026-08-18 09:31:00
ORDER-00129,CUST-00135,2026-06-04,delivered,104.27,2026-06-06 02:55:00
ORDER-00130,CUST-00258,2026-08-11,delivered,259.05,2026-08-12 02:02:00
ORDER-00131,CUST-00249,2026-08-25,delivered,333.66,2026-08-27 04:37:00
ORDER-00132,CUST-00086,2026-06-21,placed,405.35,2026-06-21 21:10:00
ORDER-00133,CUST-00045,2026-08-14,processing,185.16,2026-08-16 16:00:00
ORDER-00134,CUST-00117,2026-09-20,cancelled,192.56,2026-09-22 20:23:00
ORDER-00135,CUST-00172,2026-06-10,delivered,265.57,2026-06-10 10:15:00
ORDER-00136,CUST-00095,2026-06-23,delivered,208.34,2026-06-23 13:43:00
ORDER-00137,CUST-00002,2026-07-01,delivered,60.19,2026-07-01 19:50:00
ORDER-00138,CUST-00210,2026-09-18,shipped,147.81,2026-09-20 12:56:00
ORDER-00139,CUST-00230,2026-08-08,shipped,34.82,2026-08-08 23:26:00
ORDER-00140,CUST-00153,2026-06-08,delivered,352.53,2026-06-09 02:30:00
ORDER-00141,CUST-00178,2026-06-13,delivered,420.12,2026-06-15 16:54:00
ORDER-00142,CUST-00241,2026-07-04,delivered,387.95,2026-07-05 20:01:00
ORDER-00143,CUST-00046,2026-07-08,delivered,329.22,2026-07-09 16:58:00
ORDER-00144,CUST-00204,2026-09-18,placed,120.37,2026-09-18 06:00:00
ORDER-00145,CUST-00009,2026-05-26,processing,432.15,2026-05-27 01:42:00
ORDER-00146,CUST-00060,2026-09-10,delivered,59.79,2026-09-11 05:22:00
ORDER-00147,CUST-00055,2026-06-15,cancelled,449.47,2026-06-15 15:46:00
ORDER-00148,CUST-00206,2026-07-31,shipped,124.75,2026-08-02 09:14:00
ORDER-00149,CUST-00281,2026-07-01,cancelled,118.8,2026-07-03 05:44:00
ORDER-00150,CUST-00078,2026-06-23,delivered,166.03,2026-06-24 08:34:00
ORDER-00151,CUST-00263,2026-06-02,delivered,411.73,2026-06-03 09:11:00
ORDER-00152,CUST-00157,2026-08-10,cancelled,159.78,2026-08-10 06:10:00
ORDER-00153,CUST-00177,2026-06-30,processing,206.04,2026-06-30 21:38:00
ORDER-00154,CUST-00212,2026-09-13,placed,307.89,2026-09-14 05:31:00
ORDER-00155,CUST-00068,2026-09-14,shipped,216.51,2026-09-16 02:39:00
ORDER-00156,CUST-00226,2026-06-21,shipped,389.71,2026-06-22 03:37:00
ORDER-00157,CUST-00125,2026-09-08,delivered,286.84,2026-09-09 09:03:00
ORDER-00158,CUST-00270,2026-07-17,shipped,321.03,2026-07-19 02:30:00
ORDER-00159,CUST-00109,2026-09-23,cancelled,276.76,2026-09-23 23:38:00
ORDER-00160,CUST-00216,2026-05-28,processing,192.35,2026-05-29 10:15:00
ORDER-00161,CUST-00131,2026-09-05,cancelled,16.71,2026-09-05 17:41:00
ORDER-00162,CUST-00163,2026-09-04,delivered,297.19,2026-09-05 20:05:00
ORDER-00163,CUST-00111,2026-07-20,processing,173.5,2026-07-21 00:28:00
ORDER-00164,CUST-00179,2026-09-13,cancelled,261.43,2026-09-15 02:32:00
ORDER-00165,CUST-00032,2026-07-31,shipped,61.91,2026-08-02 03:21:00
ORDER-00166,CUST-00134,2026-07-06,processing,428.42,2026-07-06 22:18:00
ORDER-00167,CUST-00033,2026-07-19,delivered,392.12,2026-07-20 00:13:00
ORDER-00168,CUST-00202,2026-06-25,shipped,383.4,2026-06-26 17:04:00
ORDER-00169,CUST-00074,2026-07-28,shipped,97.57,2026-07-29 18:17:00
ORDER-00170,CUST-00170,2026-08-10,delivered,467.51,2026-08-11 07:23:00
ORDER-00171,CUST-00184,2026-08-08,processing,442.24,2026-08-09 16:17:00
ORDER-00172,CUST-00188,2026-07-05,cancelled,441.21,2026-07-06 12:50:00
ORDER-00173,CUST-00072,2026-06-30,delivered,359.07,2026-07-01 01:17:00
ORDER-00174,CUST-00157,2026-09-08,shipped,172.47,2026-09-09 18:54:00
ORDER-00175,CUST-00042,2026-09-23,processing,104.02,2026-09-24 04:49:00
ORDER-00176,CUST-00049,2026-08-30,delivered,435.94,2026-08-31 14:24:00
ORDER-00177,CUST-00237,2026-08-13,delivered,332.88,2026-08-14 15:24:00
ORDER-00178,CUST-00281,2026-07-15,shipped,249.39,2026-07-15 20:29:00
ORDER-00179,CUST-00044,2026-09-14,delivered,32.21,2026-09-15 05:21:00
ORDER-00180,CUST-00294,2026-08-27,shipped,473.52,2026-08-27 09:01:00
ORDER-00181,CUST-00076,2026-06-02,processing,11.85,2026-06-04 04:47:00
ORDER-00182,CUST-00046,2026-09-08,delivered,458.2,2026-09-09 05:12:00
ORDER-00183,CUST-00120,2026-09-04,shipped,292.44,2026-09-04 22:18:00
ORDER-00184,CUST-00016,2026-09-16,delivered,222.93,2026-09-18 00:22:00
ORDER-00185,CUST-00204,2026-06-27,processing,58.96,2026-06-27 22:39:00
ORDER-00186,CUST-00259,2026-09-21,delivered,244.19,2026-09-22 22:56:00
ORDER-00187,CUST-00188,2026-07-07,processing,336.51,2026-07-08 01:30:00
ORDER-00188,CUST-00077,2026-07-28,shipped,404.62,2026-07-30 10:26:00
ORDER-00189,CUST-00266,2026-06-08,processing,79.68,2026-06-09 05:45:00
ORDER-00190,CUST-00031,2026-07-26,delivered,158.7,2026-07-26 18:13:00
ORDER-00191,CUST-00131,2026-08-17,cancelled,289.31,2026-08-18 17:36:00
ORDER-00192,CUST-00169,2026-06-06,delivered,17.35,2026-06-07 04:54:00
ORDER-00193,CUST-00262,2026-06-20,cancelled,452.71,2026-06-22 08:53:00
ORDER-00194,CUST-00214,2026-09-18,processing,49.56,2026-09-18 16:32:00
ORDER-00195,CUST-00023,2026-08-08,delivered,203.45,2026-08-08 07:15:00
ORDER-00196,CUST-00152,2026-07-28,processing,116.82,2026-07-29 20:10:00
ORDER-00197,CUST-00029,2026-08-14,placed,85.44,2026-08-15 04:47:00
ORDER-00198,CUST-00142,2026-07-24,delivered,267.13,2026-07-25 06:52:00
ORDER-00199,CUST-00078,2026-09-17,processing,138.82,2026-09-18 22:57:00
ORDER-00200,CUST-00141,2026-09-08,delivered,475.52,2026-09-09 02:47:00
ORDER-00201,CUST-00255,2026-09-14,processing,300.95,2026-09-16 05:01:00
ORDER-00202,CUST-00180,2026-09-12,shipped,329.19,2026-09-13 04:20:00
ORDER-00203,CUST-00277,2026-05-31,delivered,317.64,2026-06-02 02:55:00
ORDER-00204,CUST-00075,2026-07-10,processing,360.54,2026-07-11 02:01:00
ORDER-00205,CUST-00055,2026-07-06,placed,421.06,2026-07-07 01:16:00
ORDER-00206,CUST-00159,2026-07-25,delivered,329.94,2026-07-25 19:31:00
ORDER-00207,CUST-00207,2026-07-25,delivered,448.33,2026-07-27 05:54:00
ORDER-00208,CUST-00066,2026-07-08,processing,178.87,2026-07-09 15:35:00
ORDER-00209,CUST-00009,2026-09-06,delivered,278.23,2026-09-07 03:45:00
ORDER-00210,CUST-00258,2026-05-27,delivered,267.61,2026-05-27 23:41:00
ORDER-00211,CUST-00290,2026-05-26,processing,359.18,2026-05-26 07:50:00
ORDER-00212,CUST-00225,2026-09-06,placed,346.26,2026-09-07 18:00:00
ORDER-00213,CUST-00239,2026-06-16,delivered,307.64,2026-06-18 04:23:00
ORDER-00214,CUST-00137,2026-08-23,shipped,255.83,2026-08-25 02:38:00
ORDER-00215,CUST-00016,2026-07-16,delivered,175.8,2026-07-17 06:16:00
ORDER-00216,CUST-00139,2026-07-15,shipped,82.89,2026-07-16 23:17:00
ORDER-00217,CUST-00147,2026-09-02,cancelled,149.97,2026-09-03 09:54:00
ORDER-00218,CUST-00069,2026-08-20,shipped,428.68,2026-08-20 23:16:00
ORDER-00219,CUST-00221,2026-08-13,delivered,292.62,2026-08-15 15:59:00
ORDER-00220,CUST-00045,2026-08-19,delivered,146.94,2026-08-19 19:16:00
ORDER-00221,CUST-00118,2026-08-31,shipped,438.03,2026-09-02 01:18:00
ORDER-00222,CUST-00116,2026-09-08,cancelled,220.35,2026-09-09 00:28:00
ORDER-00223,CUST-00038,2026-08-21,placed,340.51,2026-08-22 04:36:00
ORDER-00224,CUST-00005,2026-07-06,shipped,47.34,2026-07-07 16:08:00
ORDER-00225,CUST-00157,2026-08-16,shipped,40.66,2026-08-17 04:56:00
ORDER-00226,CUST-00207,2026-09-07,placed,382.26,2026-09-09 05:37:00
ORDER-00227,CUST-00157,2026-08-01,placed,39.54,2026-08-01 22:36:00
ORDER-00228,CUST-00239,2026-09-13,placed,438.28,2026-09-13 16:10:00
ORDER-00229,CUST-00168,2026-09-11,processing,204.86,2026-09-12 01:31:00
ORDER-00230,CUST-00043,2026-06-13,cancelled,156.55,2026-06-13 16:01:00
ORDER-00231,CUST-00050,2026-07-04,delivered,373.69,2026-07-04 19:16:00
ORDER-00232,CUST-00131,2026-08-20,shipped,102.21,2026-08-21 13:11:00
ORDER-00233,CUST-00001,2026-06-09,cancelled,327.91,2026-06-10 04:32:00
ORDER-00234,CUST-00102,2026-08-31,shipped,254.23,2026-09-01 14:07:00
ORDER-00235,CUST-00179,2026-09-05,placed,127.49,2026-09-05 20:36:00
ORDER-00236,CUST-00121,2026-06-30,delivered,414.67,2026-07-02 05:15:00
ORDER-00237,CUST-00192,2026-09-20,cancelled,314.68,2026-09-21 16:47:00
ORDER-00238,CUST-00223,2026-06-02,shipped,106.99,2026-06-04 22:07:00
ORDER-00239,CUST-00216,2026-06-20,delivered,117.44,2026-06-21 08:33:00
ORDER-00240,CUST-00055,2026-09-01,cancelled,47.63,2026-09-02 23:16:00
ORDER-00241,CUST-00261,2026-07-02,cancelled,386.04,2026-07-03 19:48:00
ORDER-00242,CUST-00288,2026-09-13,delivered,290.47,2026-09-15 12:43:00
ORDER-00243,CUST-00027,2026-08-17,shipped,275.16,2026-08-18 06:24:00
ORDER-00244,CUST-00091,2026-06-19,delivered,282.79,2026-06-21 02:38:00
ORDER-00245,CUST-00170,2026-06-01,processing,254.03,2026-06-03 17:51:00
ORDER-00246,CUST-00272,2026-07-10,processing,157.86,2026-07-10 17:52:00
ORDER-00247,CUST-00176,2026-06-27,cancelled,230.46,2026-06-28 07:27:00
ORDER-00248,CUST-00285,2026-08-03,cancelled,213.5,2026-08-03 21:52:00
ORDER-00249,CUST-00040,2026-07-01,delivered,370.34,2026-07-02 13:21:00
ORDER-00250,CUST-00184,2026-08-22,placed,30.24,2026-08-23 03:50:00
ORDER-00251,CUST-00121,2026-09-02,shipped,74.84,2026-09-03 19:02:00
ORDER-00252,CUST-00166,2026-06-09,delivered,151.48,2026-06-10 16:29:00
ORDER-00253,CUST-00212,2026-07-10,delivered,241.73,2026-07-11 02:28:00
ORDER-00254,CUST-00121,2026-07-26,delivered,218.92,2026-07-28 02:53:00
ORDER-00255,CUST-00186,2026-09-16,shipped,171.78,2026-09-17 15:23:00
ORDER-00256,CUST-00216,2026-09-04,shipped,159.8,2026-09-05 16:07:00
ORDER-00257,CUST-00085,2026-07-12,shipped,87.81,2026-07-13 15:21:00
ORDER-00258,CUST-00263,2026-07-04,delivered,56.67,2026-07-04 06:55:00
ORDER-00259,CUST-00267,2026-08-27,shipped,112.48,2026-08-28 21:22:00
ORDER-00260,CUST-00223,2026-08-29,delivered,265.68,2026-08-31 08:49:00
ORDER-00261,CUST-00137,2026-07-27,shipped,67.04,2026-07-29 17:57:00
ORDER-00262,CUST-00110,2026-07-10,delivered,96.72,2026-07-12 12:42:00
ORDER-00263,CUST-00125,2026-07-05,delivered,350.76,2026-07-05 09:47:00
ORDER-00264,CUST-00216,2026-08-26,delivered,261.15,2026-08-28 19:26:00
ORDER-00265,CUST-00077,2026-08-31,delivered,445.12,2026-09-01 04:17:00
ORDER-00266,CUST-00278,2026-08-06,processing,84.84,2026-08-07 19:51:00
ORDER-00267,CUST-00058,2026-06-17,placed,461.41,2026-06-17 20:28:00
ORDER-00268,CUST-00235,2026-09-08,shipped,61.47,2026-09-08 23:24:00
ORDER-00269,CUST-00002,2026-05-29,delivered,363.41,2026-05-31 11:45:00
ORDER-00270,CUST-00267,2026-08-22,shipped,334.67,2026-08-22 23:33:00
ORDER-00271,CUST-00093,2026-05-29,delivered,320.22,2026-05-30 13:36:00
ORDER-00272,CUST-00269,2026-07-30,delivered,248.49,2026-07-30 20:48:00
ORDER-00273,CUST-00181,2026-09-04,cancelled,357.44,2026-09-04 15:10:00
ORDER-00274,CUST-00115,2026-09-06,shipped,251.92,2026-09-07 16:16:00
ORDER-00275,CUST-00131,2026-06-25,shipped,240.02,2026-06-26 02:32:00
ORDER-00276,CUST-00067,2026-06-14,delivered,135.65,2026-06-14 23:11:00
ORDER-00277,CUST-00021,2026-05-26,placed,276.96,2026-05-27 08:18:00
ORDER-00278,CUST-00282,2026-06-12,delivered,103.05,2026-06-12 09:50:00
ORDER-00279,CUST-00225,2026-08-14,delivered,186.67,2026-08-15 04:46:00
ORDER-00280,CUST-00108,2026-07-28,placed,397.46,2026-07-29 07:54:00
ORDER-00281,CUST-00265,2026-07-13,shipped,74.14,2026-07-13 16:50:00
ORDER-00282,CUST-00244,2026-06-16,delivered,76.14,2026-06-17 19:19:00
ORDER-00283,CUST-00185,2026-05-27,delivered,373.98,2026-05-28 17:05:00
ORDER-00284,CUST-00122,2026-08-18,shipped,476.22,2026-08-20 05:27:00
ORDER-00285,CUST-00186,2026-07-31,shipped,16.97,2026-08-02 05:18:00
ORDER-00286,CUST-00263,2026-08-12,delivered,136.95,2026-08-14 11:48:00
ORDER-00287,CUST-00192,2026-09-14,delivered,441.43,2026-09-15 11:55:00
ORDER-00288,CUST-00259,2026-07-18,placed,232.2,2026-07-20 04:07:00
ORDER-00289,CUST-00174,2026-08-07,placed,200.62,2026-08-09 13:10:00
ORDER-00290,CUST-00211,2026-09-14,delivered,128.14,2026-09-15 11:41:00
ORDER-00291,CUST-00265,2026-06-23,cancelled,199.68,2026-06-24 07:04:00
ORDER-00292,CUST-00227,2026-07-11,shipped,411.52,2026-07-11 12:01:00
ORDER-00293,CUST-00248,2026-08-07,shipped,90.14,2026-08-07 10:50:00
ORDER-00294,CUST-00265,2026-06-23,placed,357.16,2026-06-24 08:23:00
ORDER-00295,CUST-00019,2026-06-20,shipped,194.19,2026-06-22 05:38:00
ORDER-00296,CUST-00016,2026-08-25,delivered,363.43,2026-08-25 14:47:00
ORDER-00297,CUST-00073,2026-08-14,processing,491.86,2026-08-14 12:13:00
ORDER-00298,CUST-00053,2026-06-05,shipped,217.43,2026-06-05 23:01:00
ORDER-00299,CUST-00120,2026-07-30,shipped,127.08,2026-08-01 09:44:00
ORDER-00300,CUST-00108,2026-06-24,processing,118.93,2026-06-26 03:24:00
ORDER-00301,CUST-00227,2026-07-22,delivered,156.06,2026-07-23 06:38:00
ORDER-00302,CUST-00266,2026-07-27,processing,74.46,2026-07-28 19:40:00
ORDER-00303,CUST-00165,2026-07-20,delivered,324.44,2026-07-21 07:53:00
ORDER-00304,CUST-00053,2026-09-16,cancelled,125.95,2026-09-16 18:31:00
ORDER-00305,CUST-00262,2026-07-22,shipped,252.91,2026-07-22 04:28:00
ORDER-00306,CUST-00053,2026-07-18,shipped,295.96,2026-07-20 19:30:00
ORDER-00307,CUST-00115,2026-07-28,delivered,159.08,2026-07-29 23:29:00
ORDER-00308,CUST-00255,2026-07-24,delivered,25.0,2026-07-26 01:11:00
ORDER-00309,CUST-00084,2026-06-08,delivered,20.35,2026-06-09 19:19:00
ORDER-00310,CUST-00121,2026-09-06,delivered,298.76,2026-09-07 22:27:00
ORDER-00311,CUST-00213,2026-07-01,shipped,182.75,2026-07-03 10:06:00
ORDER-00312,CUST-00260,2026-06-27,delivered,123.31,2026-06-28 12:03:00
ORDER-00313,CUST-00050,2026-08-31,cancelled,449.37,2026-08-31 09:01:00
ORDER-00314,CUST-00102,2026-09-15,shipped,331.77,2026-09-16 05:48:00
ORDER-00315,CUST-00013,2026-06-19,shipped,264.56,2026-06-20 10:10:00
ORDER-00316,CUST-00269,2026-08-30,processing,474.51,2026-08-30 18:07:00
ORDER-00317,CUST-00264,2026-06-11,shipped,498.57,2026-06-12 02:46:00
ORDER-00318,CUST-00126,2026-08-17,delivered,156.97,2026-08-18 09:45:00
ORDER-00319,CUST-00233,2026-05-28,processing,425.03,2026-05-28 08:25:00
ORDER-00320,CUST-00088,2026-07-24,shipped,112.28,2026-07-26 04:37:00
ORDER-00321,CUST-00189,2026-07-09,delivered,351.0,2026-07-09 18:26:00
ORDER-00322,CUST-00084,2026-09-19,placed,419.81,2026-09-19 15:50:00
ORDER-00323,CUST-00182,2026-06-12,delivered,492.68,2026-06-13 13:12:00
ORDER-00324,CUST-00153,2026-06-16,delivered,139.65,2026-06-17 20:11:00
ORDER-00325,CUST-00144,2026-07-11,delivered,22.29,2026-07-12 01:42:00
ORDER-00326,CUST-00270,2026-06-09,placed,49.8,2026-06-10 10:49:00
ORDER-00327,CUST-00249,2026-06-20,delivered,465.99,2026-06-22 01:05:00
ORDER-00328,CUST-00283,2026-09-23,processing,311.9,2026-09-25 02:29:00
ORDER-00329,CUST-00189,2026-09-05,placed,79.38,2026-09-06 10:51:00
ORDER-00330,CUST-00107,2026-08-26,shipped,310.15,2026-08-26 06:58:00
ORDER-00331,CUST-00001,2026-08-02,processing,257.43,2026-08-02 21:45:00
ORDER-00332,CUST-00064,2026-06-20,processing,285.42,2026-06-20 10:24:00
ORDER-00333,CUST-00143,2026-06-06,placed,442.43,2026-06-07 04:07:00
ORDER-00334,CUST-00212,2026-08-18,delivered,214.53,2026-08-20 04:28:00
ORDER-00335,CUST-00106,2026-08-16,cancelled,481.06,2026-08-16 23:27:00
ORDER-00336,CUST-00062,2026-06-05,processing,423.51,2026-06-06 06:42:00
ORDER-00337,CUST-00030,2026-08-26,processing,173.64,2026-08-27 06:31:00
ORDER-00338,CUST-00222,2026-06-24,delivered,144.76,2026-06-26 06:28:00
ORDER-00339,CUST-00204,2026-08-07,delivered,335.84,2026-08-07 21:11:00
ORDER-00340,CUST-00281,2026-06-15,delivered,439.66,2026-06-15 08:39:00
ORDER-00341,CUST-00076,2026-07-04,cancelled,160.42,2026-07-05 13:21:00
ORDER-00342,CUST-00136,2026-06-09,cancelled,484.44,2026-06-10 13:22:00
ORDER-00343,CUST-00185,2026-08-23,shipped,122.54,2026-08-24 06:07:00
ORDER-00344,CUST-00021,2026-08-17,delivered,449.42,2026-08-19 04:51:00
ORDER-00345,CUST-00117,2026-08-08,shipped,66.48,2026-08-09 22:34:00
ORDER-00346,CUST-00132,2026-07-05,processing,179.14,2026-07-05 16:35:00
ORDER-00347,CUST-00077,2026-06-05,shipped,458.06,2026-06-06 00:01:00
ORDER-00348,CUST-00294,2026-07-04,delivered,55.87,2026-07-05 05:57:00
ORDER-00349,CUST-00235,2026-08-01,cancelled,158.91,2026-08-02 23:29:00
ORDER-00350,CUST-00204,2026-06-06,processing,309.47,2026-06-06 15:56:00
ORDER-00351,CUST-00244,2026-06-08,delivered,341.87,2026-06-08 16:23:00
ORDER-00352,CUST-00278,2026-09-22,delivered,92.49,2026-09-22 06:48:00
ORDER-00353,CUST-00187,2026-07-04,shipped,361.19,2026-07-06 03:40:00
ORDER-00354,CUST-00063,2026-08-11,shipped,379.82,2026-08-12 03:37:00
ORDER-00355,CUST-00107,2026-08-13,shipped,256.05,2026-08-14 16:32:00
ORDER-00356,CUST-00290,2026-08-03,shipped,407.45,2026-08-04 22:41:00
ORDER-00357,CUST-00031,2026-08-24,placed,464.72,2026-08-25 19:39:00
ORDER-00358,CUST-00272,2026-07-24,delivered,22.43,2026-07-25 18:53:00
ORDER-00359,CUST-00016,2026-07-17,shipped,387.56,2026-07-18 09:34:00
ORDER-00360,CUST-00222,2026-08-09,shipped,120.31,2026-08-09 17:17:00
ORDER-00361,CUST-00138,2026-08-14,delivered,494.47,2026-08-15 13:01:00
ORDER-00362,CUST-00011,2026-07-11,delivered,181.32,2026-07-11 10:24:00
ORDER-00363,CUST-00081,2026-06-23,placed,303.41,2026-06-24 07:31:00
ORDER-00364,CUST-00174,2026-08-11,placed,234.14,2026-08-13 10:00:00
ORDER-00365,CUST-00022,2026-06-07,cancelled,394.98,2026-06-09 06:56:00
ORDER-00366,CUST-00046,2026-08-02,delivered,180.71,2026-08-03 07:03:00
ORDER-00367,CUST-00003,2026-06-06,cancelled,365.15,2026-06-07 05:22:00
ORDER-00368,CUST-00023,2026-06-19,shipped,373.07,2026-06-20 07:42:00
ORDER-00369,CUST-00045,2026-08-17,shipped,254.97,2026-08-19 01:22:00
ORDER-00370,CUST-00117,2026-08-19,shipped,458.05,2026-08-20 10:11:00
ORDER-00371,CUST-00014,2026-06-02,delivered,106.68,2026-06-04 00:32:00
ORDER-00372,CUST-00250,2026-06-01,delivered,263.37,2026-06-03 03:17:00
ORDER-00373,CUST-00036,2026-06-16,shipped,61.91,2026-06-16 08:16:00
ORDER-00374,CUST-00055,2026-06-23,cancelled,355.1,2026-06-23 15:14:00
ORDER-00375,CUST-00202,2026-07-30,shipped,335.06,2026-07-31 02:05:00
ORDER-00376,CUST-00232,2026-07-08,shipped,100.83,2026-07-08 21:47:00
ORDER-00377,CUST-00219,2026-09-10,shipped,177.5,2026-09-11 15:31:00
ORDER-00378,CUST-00097,2026-06-26,delivered,415.1,2026-06-26 20:49:00
ORDER-00379,CUST-00116,2026-07-16,delivered,87.92,2026-07-17 00:47:00
ORDER-00380,CUST-00144,2026-07-03,shipped,478.83,2026-07-04 21:32:00
ORDER-00381,CUST-00002,2026-05-29,delivered,394.49,2026-05-30 07:25:00
ORDER-00382,CUST-00003,2026-06-12,processing,252.94,2026-06-14 02:08:00
ORDER-00383,CUST-00285,2026-09-06,delivered,156.16,2026-09-06 14:18:00
ORDER-00384,CUST-00243,2026-06-12,processing,283.26,2026-06-13 02:36:00
ORDER-00385,CUST-00175,2026-06-11,cancelled,159.38,2026-06-12 05:10:00
ORDER-00386,CUST-00198,2026-09-11,processing,225.74,2026-09-11 04:11:00
ORDER-00387,CUST-00170,2026-08-01,shipped,135.7,2026-08-02 21:47:00
ORDER-00388,CUST-00151,2026-06-29,delivered,168.81,2026-07-01 11:16:00
ORDER-00389,CUST-00235,2026-08-06,delivered,151.72,2026-08-07 20:10:00
ORDER-00390,CUST-00003,2026-07-05,cancelled,380.46,2026-07-07 01:05:00
ORDER-00391,CUST-00185,2026-09-10,shipped,185.99,2026-09-10 15:59:00
ORDER-00392,CUST-00143,2026-06-25,processing,149.18,2026-06-25 17:05:00
ORDER-00393,CUST-00148,2026-05-30,delivered,237.08,2026-05-30 22:47:00
ORDER-00394,CUST-00175,2026-09-19,delivered,171.55,2026-09-21 10:55:00
ORDER-00395,CUST-00020,2026-06-06,delivered,354.23,2026-06-08 19:13:00
ORDER-00396,CUST-00251,2026-06-11,placed,305.37,2026-06-11 15:42:00
ORDER-00397,CUST-00106,2026-07-05,placed,484.31,2026-07-07 06:08:00
ORDER-00398,CUST-00011,2026-08-06,cancelled,218.89,2026-08-07 23:25:00
ORDER-00399,CUST-00103,2026-07-08,delivered,302.39,2026-07-10 05:55:00
ORDER-00400,CUST-00088,2026-06-11,delivered,88.8,2026-06-12 03:27:00
ORDER-00401,CUST-00293,2026-09-19,processing,442.59,2026-09-20 01:42:00
ORDER-00402,CUST-00203,2026-06-11,delivered,263.75,2026-06-12 00:29:00
ORDER-00403,CUST-00264,2026-09-07,shipped,163.7,2026-09-07 19:48:00
ORDER-00404,CUST-00008,2026-06-30,processing,297.7,2026-07-02 03:19:00
ORDER-00405,CUST-00230,2026-07-10,delivered,178.87,2026-07-12 00:02:00
ORDER-00406,CUST-00126,2026-07-19,cancelled,372.13,2026-07-21 11:35:00
ORDER-00407,CUST-00135,2026-06-09,shipped,87.84,2026-06-10 01:23:00
ORDER-00408,CUST-00298,2026-08-12,delivered,396.9,2026-08-13 13:57:00
ORDER-00409,CUST-00290,2026-08-01,placed,401.78,2026-08-03 08:11:00
ORDER-00410,CUST-00146,2026-09-21,cancelled,64.88,2026-09-22 13:31:00
ORDER-00411,CUST-00091,2026-07-06,placed,422.97,2026-07-06 20:38:00
ORDER-00412,CUST-00145,2026-08-26,processing,133.75,2026-08-26 19:22:00
ORDER-00413,CUST-00152,2026-07-16,processing,465.43,2026-07-16 08:38:00
ORDER-00414,CUST-00258,2026-08-07,delivered,84.08,2026-08-08 15:52:00
ORDER-00415,CUST-00211,2026-07-14,delivered,219.63,2026-07-15 11:30:00
ORDER-00416,CUST-00263,2026-07-07,delivered,374.12,2026-07-08 03:12:00
ORDER-00417,CUST-00087,2026-06-13,placed,213.27,2026-06-14 03:37:00
ORDER-00418,CUST-00279,2026-09-15,delivered,154.82,2026-09-15 17:22:00
ORDER-00419,CUST-00207,2026-06-06,shipped,239.63,2026-06-08 01:48:00
ORDER-00420,CUST-00230,2026-08-28,delivered,251.26,2026-08-29 11:25:00
ORDER-00421,CUST-00148,2026-08-27,delivered,240.88,2026-08-27 18:17:00
ORDER-00422,CUST-00151,2026-08-29,delivered,100.02,2026-08-31 09:33:00
ORDER-00423,CUST-00047,2026-08-23,delivered,397.63,2026-08-25 03:09:00
ORDER-00424,CUST-00230,2026-05-31,delivered,279.57,2026-06-01 06:37:00
ORDER-00425,CUST-00083,2026-06-29,shipped,275.53,2026-06-29 09:00:00
ORDER-00426,CUST-00010,2026-07-30,shipped,107.48,2026-08-01 02:38:00
ORDER-00427,CUST-00158,2026-07-03,delivered,85.05,2026-07-05 06:25:00
ORDER-00428,CUST-00032,2026-07-06,delivered,431.62,2026-07-07 01:47:00
ORDER-00429,CUST-00154,2026-07-21,delivered,102.29,2026-07-22 21:01:00
ORDER-00430,CUST-00202,2026-08-06,shipped,499.66,2026-08-07 15:00:00
ORDER-00431,CUST-00111,2026-09-02,processing,246.75,2026-09-04 02:03:00
ORDER-00432,CUST-00044,2026-09-07,delivered,371.41,2026-09-08 01:50:00
ORDER-00433,CUST-00263,2026-06-13,placed,308.53,2026-06-14 10:34:00
ORDER-00434,CUST-00176,2026-07-11,delivered,401.89,2026-07-13 04:56:00
ORDER-00435,CUST-00014,2026-09-16,shipped,31.83,2026-09-17 00:14:00
ORDER-00436,CUST-00209,2026-07-26,delivered,381.36,2026-07-28 05:56:00
ORDER-00437,CUST-00284,2026-09-07,delivered,401.55,2026-09-08 02:32:00
ORDER-00438,CUST-00235,2026-06-11,shipped,405.31,2026-06-11 13:40:00
ORDER-00439,CUST-00118,2026-07-03,delivered,214.04,2026-07-05 06:08:00
ORDER-00440,CUST-00087,2026-08-08,delivered,262.79,2026-08-09 06:50:00
ORDER-00441,CUST-00201,2026-07-10,delivered,179.43,2026-07-11 21:49:00
ORDER-00442,CUST-00233,2026-08-16,cancelled,340.01,2026-08-16 20:13:00
ORDER-00443,CUST-00084,2026-08-31,shipped,497.53,2026-09-02 02:58:00
ORDER-00444,CUST-00011,2026-08-13,cancelled,443.08,2026-08-13 06:26:00
ORDER-00445,CUST-00222,2026-09-12,delivered,227.38,2026-09-13 00:57:00
ORDER-00446,CUST-00153,2026-07-04,placed,248.6,2026-07-06 19:58:00
ORDER-00447,CUST-00167,2026-08-19,delivered,288.57,2026-08-20 07:44:00
ORDER-00448,CUST-00282,2026-07-09,delivered,446.64,2026-07-10 02:07:00
ORDER-00449,CUST-00107,2026-09-06,delivered,497.64,2026-09-07 19:42:00
ORDER-00450,CUST-00279,2026-08-23,shipped,99.68,2026-08-24 16:47:00
ORDER-00451,CUST-00247,2026-06-04,delivered,224.09,2026-06-05 19:56:00
ORDER-00452,CUST-00220,2026-08-17,delivered,361.25,2026-08-17 22:29:00
ORDER-00453,CUST-00267,2026-09-23,shipped,312.05,2026-09-23 18:37:00
ORDER-00454,CUST-00076,2026-07-06,delivered,278.7,2026-07-07 07:54:00
ORDER-00455,CUST-00157,2026-06-12,shipped,409.21,2026-06-13 00:05:00
ORDER-00456,CUST-00259,2026-09-07,delivered,29.97,2026-09-07 22:04:00
ORDER-00457,CUST-00205,2026-06-12,delivered,155.09,2026-06-12 14:21:00
ORDER-00458,CUST-00069,2026-08-31,cancelled,214.39,2026-08-31 08:25:00
ORDER-00459,CUST-00021,2026-09-16,placed,420.38,2026-09-17 05:33:00
ORDER-00460,CUST-00230,2026-08-22,placed,109.43,2026-08-22 15:58:00
ORDER-00461,CUST-00143,2026-06-13,delivered,54.09,2026-06-13 08:42:00
ORDER-00462,CUST-00256,2026-06-24,delivered,168.8,2026-06-24 06:56:00
ORDER-00463,CUST-00038,2026-09-06,delivered,299.45,2026-09-08 11:42:00
ORDER-00464,CUST-00109,2026-07-17,processing,15.88,2026-07-18 18:46:00
ORDER-00465,CUST-00184,2026-06-27,shipped,216.88,2026-06-28 21:27:00
ORDER-00466,CUST-00188,2026-06-07,delivered,229.89,2026-06-07 22:31:00
ORDER-00467,CUST-00125,2026-08-11,delivered,49.61,2026-08-11 19:14:00
ORDER-00468,CUST-00277,2026-09-08,processing,186.92,2026-09-10 06:07:00
ORDER-00469,CUST-00256,2026-08-20,processing,111.26,2026-08-21 13:59:00
ORDER-00470,CUST-00034,2026-07-06,delivered,362.89,2026-07-08 03:46:00
ORDER-00471,CUST-00138,2026-09-09,delivered,82.95,2026-09-09 18:46:00
ORDER-00472,CUST-00195,2026-07-03,shipped,101.26,2026-07-04 07:08:00
ORDER-00473,CUST-00127,2026-08-17,shipped,62.62,2026-08-17 17:26:00
ORDER-00474,CUST-00010,2026-06-27,delivered,105.84,2026-06-29 09:46:00
ORDER-00475,CUST-00212,2026-06-29,cancelled,389.93,2026-06-29 14:47:00
ORDER-00476,CUST-00213,2026-08-15,delivered,199.36,2026-08-15 20:30:00
ORDER-00477,CUST-00234,2026-09-04,shipped,94.14,2026-09-04 20:08:00
ORDER-00478,CUST-00291,2026-07-19,delivered,211.06,2026-07-21 07:42:00
ORDER-00479,CUST-00028,2026-08-12,processing,264.68,2026-08-13 07:53:00
ORDER-00480,CUST-00130,2026-07-21,shipped,488.43,2026-07-23 03:37:00
ORDER-00481,CUST-00004,2026-08-27,cancelled,371.73,2026-08-28 01:08:00
ORDER-00482,CUST-00166,2026-06-16,delivered,279.5,2026-06-17 05:15:00
ORDER-00483,CUST-00164,2026-05-27,processing,134.89,2026-05-27 09:25:00
ORDER-00484,CUST-00220,2026-05-27,placed,283.42,2026-05-28 13:30:00
ORDER-00485,CUST-00285,2026-08-24,delivered,10.68,2026-08-26 09:14:00
ORDER-00486,CUST-00130,2026-06-23,shipped,286.42,2026-06-24 18:03:00
ORDER-00487,CUST-00094,2026-07-29,cancelled,242.79,2026-07-30 20:52:00
ORDER-00488,CUST-00126,2026-06-04,processing,283.2,2026-06-05 07:40:00
ORDER-00489,CUST-00030,2026-09-09,delivered,223.74,2026-09-10 13:07:00
ORDER-00490,CUST-00108,2026-08-05,shipped,468.88,2026-08-07 00:29:00
ORDER-00491,CUST-00179,2026-06-21,delivered,327.01,2026-06-22 03:11:00
ORDER-00492,CUST-00099,2026-08-18,shipped,12.45,2026-08-18 04:33:00
ORDER-00493,CUST-00282,2026-07-06,delivered,414.81,2026-07-06 14:08:00
ORDER-00494,CUST-00064,2026-08-29,delivered,26.16,2026-08-29 03:15:00
ORDER-00495,CUST-00257,2026-06-08,delivered,35.54,2026-06-09 17:32:00
ORDER-00496,CUST-00056,2026-07-03,cancelled,352.89,2026-07-04 14:29:00
ORDER-00497,CUST-00170,2026-07-27,placed,262.98,2026-07-28 01:43:00
ORDER-00498,CUST-00251,2026-08-14,shipped,185.44,2026-08-15 12:42:00
ORDER-00499,CUST-00141,2026-07-22,delivered,448.8,2026-07-22 06:37:00
ORDER-00500,CUST-00249,2026-06-25,placed,491.07,2026-06-26 23:55:00
ORDER-00501,CUST-00276,2026-07-29,processing,175.45,2026-07-31 09:39:00
ORDER-00502,CUST-00213,2026-07-30,placed,88.09,2026-08-01 06:57:00
ORDER-00503,CUST-00133,2026-08-06,shipped,396.88,2026-08-07 15:28:00
ORDER-00504,CUST-00148,2026-06-30,shipped,465.61,2026-07-01 15:49:00
ORDER-00505,CUST-00042,2026-08-01,placed,400.23,2026-08-02 03:16:00
ORDER-00506,CUST-00226,2026-09-22,delivered,309.39,2026-09-22 15:38:00
ORDER-00507,CUST-00214,2026-07-08,processing,104.38,2026-07-09 11:31:00
ORDER-00508,CUST-00176,2026-08-04,placed,120.22,2026-08-05 14:43:00
ORDER-00509,CUST-00196,2026-08-30,delivered,41.95,2026-09-01 18:37:00
ORDER-00510,CUST-00248,2026-08-17,delivered,104.87,2026-08-18 14:03:00
ORDER-00511,CUST-00045,2026-08-15,processing,459.54,2026-08-16 16:20:00
ORDER-00512,CUST-00184,2026-07-02,processing,54.23,2026-07-03 21:07:00
ORDER-00513,CUST-00260,2026-07-11,processing,20.58,2026-07-12 22:58:00
ORDER-00514,CUST-00028,2026-06-14,delivered,290.89,2026-06-15 10:39:00
ORDER-00515,CUST-00071,2026-08-30,delivered,293.91,2026-08-30 21:53:00
ORDER-00516,CUST-00069,2026-07-21,shipped,499.37,2026-07-22 11:54:00
ORDER-00517,CUST-00107,2026-07-26,delivered,207.05,2026-07-27 06:29:00
ORDER-00518,CUST-00177,2026-07-04,delivered,410.61,2026-07-04 08:02:00
ORDER-00519,CUST-00065,2026-08-08,placed,411.44,2026-08-08 05:55:00
ORDER-00520,CUST-00052,2026-07-23,delivered,340.75,2026-07-23 15:11:00
ORDER-00521,CUST-00033,2026-07-04,processing,362.33,2026-07-05 14:58:00
ORDER-00522,CUST-00211,2026-06-13,processing,333.65,2026-06-13 14:14:00
ORDER-00523,CUST-00279,2026-06-01,delivered,146.11,2026-06-02 19:36:00
ORDER-00524,CUST-00151,2026-06-06,cancelled,170.77,2026-06-08 00:50:00
ORDER-00525,CUST-00179,2026-06-22,delivered,392.16,2026-06-23 12:24:00
ORDER-00526,CUST-00192,2026-08-31,shipped,137.7,2026-09-01 18:47:00
ORDER-00527,CUST-00194,2026-07-16,shipped,272.19,2026-07-18 08:17:00
ORDER-00528,CUST-00219,2026-06-16,delivered,139.99,2026-06-18 01:33:00
ORDER-00529,CUST-00269,2026-07-22,processing,460.33,2026-07-23 02:12:00
ORDER-00530,CUST-00175,2026-07-09,processing,275.05,2026-07-09 14:12:00
ORDER-00531,CUST-00086,2026-08-15,placed,489.18,2026-08-16 17:52:00
ORDER-00532,CUST-00161,2026-08-28,processing,118.23,2026-08-29 02:22:00
ORDER-00533,CUST-00292,2026-07-15,processing,92.46,2026-07-16 01:11:00
ORDER-00534,CUST-00054,2026-06-07,delivered,137.77,2026-06-07 16:10:00
ORDER-00535,CUST-00281,2026-07-18,delivered,279.8,2026-07-20 00:08:00
ORDER-00536,CUST-00042,2026-08-13,cancelled,353.12,2026-08-13 19:32:00
ORDER-00537,CUST-00041,2026-06-18,cancelled,35.42,2026-06-19 05:42:00
ORDER-00538,CUST-00081,2026-08-11,cancelled,444.62,2026-08-13 11:42:00
ORDER-00539,CUST-00246,2026-08-20,shipped,163.05,2026-08-20 21:35:00
ORDER-00540,CUST-00048,2026-08-22,shipped,158.94,2026-08-22 17:13:00
ORDER-00541,CUST-00123,2026-08-06,shipped,352.03,2026-08-08 07:08:00
ORDER-00542,CUST-00012,2026-06-29,delivered,381.47,2026-06-30 07:00:00
ORDER-00543,CUST-00050,2026-06-12,cancelled,244.39,2026-06-13 09:52:00
ORDER-00544,CUST-00297,2026-07-11,delivered,41.76,2026-07-12 11:55:00
ORDER-00545,CUST-00006,2026-06-12,delivered,62.43,2026-06-12 19:03:00
ORDER-00546,CUST-00296,2026-08-10,delivered,125.7,2026-08-11 15:58:00
ORDER-00547,CUST-00120,2026-07-27,processing,304.31,2026-07-28 09:17:00
ORDER-00548,CUST-00046,2026-06-30,delivered,463.43,2026-07-01 08:26:00
ORDER-00549,CUST-00126,2026-09-11,shipped,462.11,2026-09-12 15:03:00
ORDER-00550,CUST-00167,2026-09-06,shipped,465.7,2026-09-07 21:49:00
ORDER-00551,CUST-00161,2026-07-29,shipped,269.02,2026-07-31 06:32:00
ORDER-00552,CUST-00029,2026-07-22,cancelled,458.49,2026-07-22 20:51:00
ORDER-00553,CUST-00262,2026-07-23,processing,211.36,2026-07-25 07:39:00
ORDER-00554,CUST-00136,2026-09-23,delivered,299.02,2026-09-23 06:33:00
ORDER-00555,CUST-00018,2026-09-05,cancelled,207.62,2026-09-07 01:36:00
ORDER-00556,CUST-00154,2026-09-07,delivered,299.12,2026-09-08 15:49:00
ORDER-00557,CUST-00060,2026-07-05,shipped,378.76,2026-07-06 06:46:00
ORDER-00558,CUST-00090,2026-07-15,shipped,55.77,2026-07-16 21:31:00
ORDER-00559,CUST-00173,2026-09-11,shipped,27.66,2026-09-12 03:46:00
ORDER-00560,CUST-00059,2026-07-31,placed,252.57,2026-08-01 23:02:00
ORDER-00561,CUST-00028,2026-05-28,delivered,66.07,2026-05-29 01:05:00
ORDER-00562,CUST-00066,2026-06-09,placed,37.27,2026-06-10 06:06:00
ORDER-00563,CUST-00251,2026-08-07,processing,302.57,2026-08-07 18:49:00
ORDER-00564,CUST-00074,2026-06-05,delivered,371.08,2026-06-05 22:42:00
ORDER-00565,CUST-00151,2026-06-27,delivered,406.47,2026-06-27 17:39:00
ORDER-00566,CUST-00035,2026-06-21,delivered,233.21,2026-06-22 22:25:00
ORDER-00567,CUST-00165,2026-06-03,processing,28.35,2026-06-04 15:24:00
ORDER-00568,CUST-00097,2026-08-05,delivered,458.71,2026-08-05 20:18:00
ORDER-00569,CUST-00099,2026-06-03,placed,136.49,2026-06-04 20:22:00
ORDER-00570,CUST-00217,2026-07-17,shipped,481.44,2026-07-17 20:06:00
ORDER-00571,CUST-00049,2026-09-19,shipped,273.66,2026-09-20 10:42:00
ORDER-00572,CUST-00074,2026-09-16,shipped,304.51,2026-09-18 21:03:00
ORDER-00573,CUST-00162,2026-06-15,shipped,305.56,2026-06-17 13:26:00
ORDER-00574,CUST-00084,2026-07-26,delivered,144.27,2026-07-28 00:59:00
ORDER-00575,CUST-00087,2026-09-08,shipped,378.4,2026-09-10 11:24:00
ORDER-00576,CUST-00160,2026-09-16,shipped,489.36,2026-09-18 06:04:00
ORDER-00577,CUST-00028,2026-07-16,processing,378.72,2026-07-18 02:41:00
ORDER-00578,CUST-00168,2026-09-09,processing,21.5,2026-09-10 04:53:00
ORDER-00579,CUST-00109,2026-08-26,delivered,484.16,2026-08-27 10:55:00
ORDER-00580,CUST-00233,2026-07-02,shipped,319.48,2026-07-04 09:54:00
ORDER-00581,CUST-00235,2026-07-04,cancelled,120.72,2026-07-05 20:14:00
ORDER-00582,CUST-00252,2026-09-21,placed,485.75,2026-09-22 09:36:00
ORDER-00583,CUST-00227,2026-09-06,processing,441.52,2026-09-07 19:11:00
ORDER-00584,CUST-00279,2026-08-30,processing,119.48,2026-08-30 21:57:00
ORDER-00585,CUST-00272,2026-06-06,placed,453.97,2026-06-07 12:26:00
ORDER-00586,CUST-00234,2026-06-14,delivered,205.43,2026-06-14 16:56:00
ORDER-00587,CUST-00082,2026-06-11,delivered,424.99,2026-06-11 15:48:00
ORDER-00588,CUST-00048,2026-06-30,delivered,29.36,2026-06-30 23:56:00
ORDER-00589,CUST-00220,2026-06-22,delivered,70.05,2026-06-23 09:46:00
ORDER-00590,CUST-00066,2026-06-13,delivered,207.55,2026-06-14 16:47:00
ORDER-00591,CUST-00198,2026-08-12,cancelled,380.59,2026-08-14 21:59:00
ORDER-00592,CUST-00132,2026-06-08,delivered,125.08,2026-06-10 02:25:00
ORDER-00593,CUST-00182,2026-08-29,delivered,273.13,2026-08-30 16:24:00
ORDER-00594,CUST-00130,2026-08-06,shipped,34.28,2026-08-07 14:49:00
ORDER-00595,CUST-00180,2026-08-15,delivered,24.2,2026-08-17 03:06:00
ORDER-00596,CUST-00047,2026-07-30,delivered,368.99,2026-07-31 08:03:00
ORDER-00597,CUST-00044,2026-07-21,delivered,352.99,2026-07-23 02:16:00
ORDER-00598,CUST-00045,2026-07-16,delivered,205.63,2026-07-18 07:20:00
ORDER-00599,CUST-00101,2026-06-19,shipped,244.04,2026-06-19 00:15:00
ORDER-00600,CUST-00178,2026-09-01,placed,367.47,2026-09-01 22:49:00
ORDER-00601,CUST-00198,2026-07-03,shipped,320.41,2026-07-04 20:53:00
ORDER-00602,CUST-00299,2026-09-06,shipped,381.67,2026-09-07 11:38:00
ORDER-00603,CUST-00294,2026-05-29,delivered,373.94,2026-05-30 13:55:00
ORDER-00604,CUST-00205,2026-07-05,processing,458.63,2026-07-05 19:27:00
ORDER-00605,CUST-00293,2026-09-18,delivered,119.77,2026-09-19 21:20:00
ORDER-00606,CUST-00042,2026-07-18,delivered,332.15,2026-07-18 18:45:00
ORDER-00607,CUST-00298,2026-08-31,delivered,498.52,2026-09-01 02:03:00
ORDER-00608,CUST-00249,2026-08-20,shipped,285.59,2026-08-20 20:40:00
ORDER-00609,CUST-00190,2026-08-05,cancelled,159.83,2026-08-06 15:21:00
ORDER-00610,CUST-00105,2026-08-30,shipped,210.62,2026-08-31 20:30:00
ORDER-00611,CUST-00055,2026-07-02,shipped,333.9,2026-07-03 02:21:00
ORDER-00612,CUST-00184,2026-09-12,cancelled,388.36,2026-09-14 05:25:00
ORDER-00613,CUST-00258,2026-06-13,delivered,131.58,2026-06-14 15:52:00
ORDER-00614,CUST-00240,2026-06-22,placed,314.3,2026-06-23 22:16:00
ORDER-00615,CUST-00039,2026-09-18,shipped,288.37,2026-09-18 12:33:00
ORDER-00616,CUST-00112,2026-07-12,placed,152.11,2026-07-14 05:35:00
ORDER-00617,CUST-00112,2026-06-18,placed,171.73,2026-06-19 17:23:00
ORDER-00618,CUST-00143,2026-08-19,delivered,355.33,2026-08-19 10:52:00
ORDER-00619,CUST-00139,2026-08-30,shipped,420.81,2026-08-30 14:35:00
ORDER-00620,CUST-00097,2026-09-10,delivered,384.84,2026-09-10 13:56:00
ORDER-00621,CUST-00124,2026-08-16,placed,219.82,2026-08-16 02:37:00
ORDER-00622,CUST-00159,2026-09-17,processing,332.31,2026-09-18 12:07:00
ORDER-00623,CUST-00203,2026-07-07,delivered,488.73,2026-07-08 13:45:00
ORDER-00624,CUST-00027,2026-09-15,delivered,381.51,2026-09-15 08:41:00
ORDER-00625,CUST-00068,2026-08-16,shipped,59.4,2026-08-18 06:14:00
ORDER-00626,CUST-00164,2026-06-06,delivered,98.05,2026-06-07 17:54:00
ORDER-00627,CUST-00197,2026-09-13,processing,287.72,2026-09-15 02:06:00
ORDER-00628,CUST-00261,2026-06-27,shipped,132.0,2026-06-28 05:29:00
ORDER-00629,CUST-00273,2026-07-05,delivered,21.11,2026-07-05 16:37:00
ORDER-00630,CUST-00004,2026-06-02,cancelled,138.22,2026-06-03 13:38:00
ORDER-00631,CUST-00260,2026-07-01,delivered,105.84,2026-07-03 07:40:00
ORDER-00632,CUST-00192,2026-06-30,cancelled,127.13,2026-07-01 05:39:00
ORDER-00633,CUST-00016,2026-08-21,delivered,252.72,2026-08-21 06:41:00
ORDER-00634,CUST-00036,2026-06-04,delivered,23.05,2026-06-04 13:24:00
ORDER-00635,CUST-00155,2026-06-06,delivered,277.07,2026-06-07 14:09:00
ORDER-00636,CUST-00116,2026-07-31,shipped,41.63,2026-07-31 21:14:00
ORDER-00637,CUST-00280,2026-09-13,shipped,138.24,2026-09-15 09:16:00
ORDER-00638,CUST-00051,2026-07-19,delivered,199.5,2026-07-21 10:07:00
ORDER-00639,CUST-00268,2026-08-28,shipped,359.61,2026-08-28 18:56:00
ORDER-00640,CUST-00063,2026-08-29,delivered,30.73,2026-08-29 20:28:00
ORDER-00641,CUST-00298,2026-07-20,cancelled,423.92,2026-07-21 06:09:00
ORDER-00642,CUST-00090,2026-05-28,placed,80.18,2026-05-28 13:38:00
ORDER-00643,CUST-00010,2026-06-09,delivered,182.2,2026-06-11 00:12:00
ORDER-00644,CUST-00132,2026-07-04,cancelled,104.65,2026-07-05 06:56:00
ORDER-00645,CUST-00040,2026-08-02,placed,59.48,2026-08-02 21:38:00
ORDER-00646,CUST-00050,2026-07-01,shipped,156.07,2026-07-02 18:07:00
ORDER-00647,CUST-00010,2026-06-06,placed,318.56,2026-06-07 21:10:00
ORDER-00648,CUST-00028,2026-08-06,shipped,115.3,2026-08-08 07:08:00
ORDER-00649,CUST-00210,2026-08-25,cancelled,453.34,2026-08-25 17:24:00
ORDER-00650,CUST-00012,2026-07-22,delivered,291.1,2026-07-23 01:49:00
ORDER-00651,CUST-00157,2026-07-25,shipped,214.85,2026-07-27 18:32:00
ORDER-00652,CUST-00208,2026-05-28,delivered,128.17,2026-05-29 01:21:00
ORDER-00653,CUST-00001,2026-09-06,delivered,384.47,2026-09-08 18:23:00
ORDER-00654,CUST-00154,2026-09-23,shipped,403.78,2026-09-24 16:38:00
ORDER-00655,CUST-00244,2026-05-27,shipped,281.25,2026-05-28 22:38:00
ORDER-00656,CUST-00077,2026-07-03,delivered,486.6,2026-07-04 17:00:00
ORDER-00657,CUST-00289,2026-06-14,processing,388.51,2026-06-14 03:18:00
ORDER-00658,CUST-00069,2026-09-02,delivered,498.19,2026-09-02 19:16:00
ORDER-00659,CUST-00220,2026-07-05,processing,243.23,2026-07-06 21:32:00
ORDER-00660,CUST-00131,2026-06-15,cancelled,154.77,2026-06-15 10:58:00
ORDER-00661,CUST-00101,2026-06-08,placed,156.81,2026-06-10 16:15:00
ORDER-00662,CUST-00009,2026-08-25,shipped,96.11,2026-08-26 15:34:00
ORDER-00663,CUST-00207,2026-08-01,delivered,216.76,2026-08-03 11:25:00
ORDER-00664,CUST-00041,2026-08-01,delivered,159.96,2026-08-02 02:05:00
ORDER-00665,CUST-00278,2026-06-29,delivered,94.2,2026-06-30 13:53:00
ORDER-00666,CUST-00218,2026-06-21,placed,64.97,2026-06-22 16:10:00
ORDER-00667,CUST-00030,2026-08-10,delivered,128.0,2026-08-11 02:25:00
ORDER-00668,CUST-00212,2026-09-21,shipped,126.93,2026-09-22 11:10:00
ORDER-00669,CUST-00271,2026-06-14,shipped,459.21,2026-06-15 19:10:00
ORDER-00670,CUST-00012,2026-06-15,processing,214.53,2026-06-16 06:14:00
ORDER-00671,CUST-00075,2026-08-17,shipped,424.0,2026-08-18 14:06:00
ORDER-00672,CUST-00022,2026-07-05,placed,10.6,2026-07-05 16:42:00
ORDER-00673,CUST-00260,2026-06-15,shipped,335.12,2026-06-15 23:02:00
ORDER-00674,CUST-00166,2026-09-05,cancelled,293.68,2026-09-07 06:08:00
ORDER-00675,CUST-00239,2026-09-14,delivered,12.59,2026-09-15 10:41:00
ORDER-00676,CUST-00261,2026-08-21,delivered,186.91,2026-08-21 16:06:00
ORDER-00677,CUST-00181,2026-06-03,delivered,394.69,2026-06-04 01:35:00
ORDER-00678,CUST-00211,2026-06-03,shipped,494.56,2026-06-04 10:10:00
ORDER-00679,CUST-00187,2026-07-09,shipped,12.25,2026-07-11 17:30:00
ORDER-00680,CUST-00079,2026-09-18,cancelled,182.06,2026-09-20 10:44:00
ORDER-00681,CUST-00181,2026-08-31,shipped,411.27,2026-09-02 05:35:00
ORDER-00682,CUST-00030,2026-09-10,processing,14.26,2026-09-12 13:56:00
ORDER-00683,CUST-00122,2026-07-10,processing,51.76,2026-07-12 05:07:00
ORDER-00684,CUST-00205,2026-06-26,delivered,380.46,2026-06-26 19:18:00
ORDER-00685,CUST-00080,2026-09-11,delivered,430.92,2026-09-11 09:45:00
ORDER-00686,CUST-00114,2026-06-23,cancelled,164.96,2026-06-23 17:12:00
ORDER-00687,CUST-00115,2026-09-05,delivered,84.57,2026-09-05 23:15:00
ORDER-00688,CUST-00023,2026-09-06,delivered,177.36,2026-09-07 03:28:00
ORDER-00689,CUST-00043,2026-06-23,placed,356.87,2026-06-24 14:16:00
ORDER-00690,CUST-00156,2026-09-05,placed,242.8,2026-09-06 17:23:00
ORDER-00691,CUST-00276,2026-08-11,placed,395.53,2026-08-13 01:34:00
ORDER-00692,CUST-00273,2026-07-18,delivered,493.28,2026-07-19 04:29:00
ORDER-00693,CUST-00291,2026-07-22,processing,205.25,2026-07-23 07:06:00
ORDER-00694,CUST-00105,2026-07-13,shipped,337.5,2026-07-15 10:09:00
ORDER-00695,CUST-00093,2026-07-27,cancelled,207.52,2026-07-28 01:11:00
ORDER-00696,CUST-00182,2026-09-09,cancelled,423.67,2026-09-10 15:44:00
ORDER-00697,CUST-00198,2026-08-19,processing,102.94,2026-08-19 21:35:00
ORDER-00698,CUST-00136,2026-07-30,delivered,379.28,2026-07-31 10:09:00
ORDER-00699,CUST-00289,2026-07-14,shipped,393.76,2026-07-15 05:15:00
ORDER-00700,CUST-00075,2026-07-22,delivered,428.95,2026-07-22 17:20:00
ORDER-00701,CUST-00001,2026-07-04,placed,116.76,2026-07-05 01:38:00
ORDER-00702,CUST-00243,2026-06-29,processing,128.65,2026-07-01 05:50:00
ORDER-00703,CUST-00188,2026-08-29,cancelled,204.98,2026-08-29 18:07:00
ORDER-00704,CUST-00291,2026-08-21,delivered,88.54,2026-08-21 18:55:00
ORDER-00705,CUST-00245,2026-07-29,delivered,246.1,2026-07-30 16:27:00
ORDER-00706,CUST-00144,2026-07-17,shipped,487.1,2026-07-18 18:46:00
ORDER-00707,CUST-00256,2026-06-14,shipped,76.95,2026-06-14 23:22:00
ORDER-00708,CUST-00051,2026-09-03,placed,405.31,2026-09-04 09:11:00
ORDER-00709,CUST-00108,2026-06-19,delivered,264.09,2026-06-20 16:54:00
ORDER-00710,CUST-00292,2026-08-23,delivered,314.98,2026-08-23 16:01:00
ORDER-00711,CUST-00241,2026-07-13,delivered,352.11,2026-07-14 20:42:00
ORDER-00712,CUST-00144,2026-09-18,delivered,339.04,2026-09-19 08:24:00
ORDER-00713,CUST-00145,2026-09-03,shipped,476.24,2026-09-05 00:11:00
ORDER-00714,CUST-00249,2026-06-16,cancelled,366.72,2026-06-17 21:58:00
ORDER-00715,CUST-00026,2026-09-06,delivered,287.06,2026-09-06 22:11:00
ORDER-00716,CUST-00059,2026-06-29,delivered,75.45,2026-06-30 04:30:00
ORDER-00717,CUST-00009,2026-08-01,shipped,310.98,2026-08-03 03:55:00
ORDER-00718,CUST-00091,2026-07-08,processing,124.18,2026-07-09 02:50:00
ORDER-00719,CUST-00057,2026-08-22,delivered,40.41,2026-08-22 11:08:00
ORDER-00720,CUST-00110,2026-06-19,delivered,408.22,2026-06-19 15:22:00
ORDER-00721,CUST-00217,2026-06-09,delivered,11.48,2026-06-10 10:15:00
ORDER-00722,CUST-00130,2026-08-14,processing,363.68,2026-08-16 15:51:00
ORDER-00723,CUST-00055,2026-07-09,shipped,376.22,2026-07-10 13:43:00
ORDER-00724,CUST-00274,2026-05-30,cancelled,474.25,2026-05-30 16:12:00
ORDER-00725,CUST-00208,2026-08-20,delivered,292.7,2026-08-20 20:58:00
ORDER-00726,CUST-00206,2026-09-13,cancelled,241.22,2026-09-14 04:08:00
ORDER-00727,CUST-00044,2026-06-18,shipped,338.26,2026-06-19 16:01:00
ORDER-00728,CUST-00024,2026-06-23,delivered,214.92,2026-06-23 14:11:00
ORDER-00729,CUST-00053,2026-05-29,processing,415.32,2026-05-31 07:41:00
ORDER-00730,CUST-00026,2026-06-29,shipped,342.42,2026-06-30 13:58:00
ORDER-00731,CUST-00179,2026-06-05,delivered,332.67,2026-06-06 11:46:00
ORDER-00732,CUST-00160,2026-09-02,cancelled,220.35,2026-09-02 22:46:00
ORDER-00733,CUST-00051,2026-07-25,delivered,157.03,2026-07-26 09:13:00
ORDER-00734,CUST-00255,2026-08-07,processing,188.26,2026-08-08 05:39:00
ORDER-00735,CUST-00086,2026-09-17,shipped,286.05,2026-09-17 20:03:00
ORDER-00736,CUST-00142,2026-07-01,delivered,323.26,2026-07-02 10:28:00
ORDER-00737,CUST-00242,2026-06-29,delivered,328.74,2026-06-30 09:17:00
ORDER-00738,CUST-00200,2026-06-29,processing,366.18,2026-06-29 15:40:00
ORDER-00739,CUST-00238,2026-06-23,shipped,82.67,2026-06-24 04:35:00
ORDER-00740,CUST-00186,2026-09-18,delivered,456.17,2026-09-20 03:33:00
ORDER-00741,CUST-00235,2026-09-04,processing,211.54,2026-09-05 04:35:00
ORDER-00742,CUST-00171,2026-07-02,delivered,72.97,2026-07-03 22:35:00
ORDER-00743,CUST-00079,2026-08-15,delivered,226.29,2026-08-17 23:08:00
ORDER-00744,CUST-00026,2026-06-17,processing,153.0,2026-06-17 12:47:00
ORDER-00745,CUST-00104,2026-06-16,cancelled,429.68,2026-06-17 00:36:00
ORDER-00746,CUST-00245,2026-07-21,processing,222.2,2026-07-21 23:48:00
ORDER-00747,CUST-00278,2026-08-11,shipped,458.83,2026-08-12 04:23:00
ORDER-00748,CUST-00197,2026-07-30,delivered,68.65,2026-07-31 18:40:00
ORDER-00749,CUST-00001,2026-09-22,placed,158.4,2026-09-24 04:02:00
ORDER-00750,CUST-00247,2026-08-15,delivered,489.47,2026-08-17 14:49:00
ORDER-00751,CUST-00047,2026-08-07,shipped,19.3,2026-08-07 09:08:00
ORDER-00752,CUST-00051,2026-08-04,delivered,461.08,2026-08-05 00:55:00
ORDER-00753,CUST-00082,2026-06-16,processing,184.23,2026-06-17 15:21:00
ORDER-00754,CUST-00053,2026-06-24,delivered,73.92,2026-06-26 04:04:00
ORDER-00755,CUST-00266,2026-08-21,delivered,17.96,2026-08-23 16:16:00
ORDER-00756,CUST-00059,2026-06-20,placed,117.26,2026-06-21 13:57:00
ORDER-00757,CUST-00067,2026-08-07,processing,327.32,2026-08-09 08:01:00
ORDER-00758,CUST-00101,2026-09-11,cancelled,176.19,2026-09-11 22:48:00
ORDER-00759,CUST-00131,2026-06-13,processing,14.73,2026-06-14 07:26:00
ORDER-00760,CUST-00285,2026-06-19,delivered,459.79,2026-06-20 22:00:00
ORDER-00761,CUST-00162,2026-09-12,delivered,287.95,2026-09-13 03:18:00
ORDER-00762,CUST-00258,2026-08-23,delivered,476.13,2026-08-24 21:13:00
ORDER-00763,CUST-00042,2026-06-20,delivered,50.93,2026-06-21 06:32:00
ORDER-00764,CUST-00005,2026-07-08,shipped,244.51,2026-07-08 10:49:00
ORDER-00765,CUST-00088,2026-09-16,shipped,197.86,2026-09-17 00:11:00
ORDER-00766,CUST-00190,2026-08-21,delivered,117.57,2026-08-23 17:08:00
ORDER-00767,CUST-00109,2026-07-15,processing,443.09,2026-07-17 04:05:00
ORDER-00768,CUST-00108,2026-09-07,delivered,296.63,2026-09-08 11:18:00
ORDER-00769,CUST-00295,2026-09-16,shipped,483.47,2026-09-18 03:07:00
ORDER-00770,CUST-00246,2026-08-03,cancelled,259.57,2026-08-04 18:35:00
ORDER-00771,CUST-00014,2026-09-19,processing,276.66,2026-09-20 10:51:00
ORDER-00772,CUST-00118,2026-07-09,placed,379.46,2026-07-10 00:56:00
ORDER-00773,CUST-00187,2026-06-11,delivered,55.95,2026-06-13 16:37:00
ORDER-00774,CUST-00145,2026-07-29,delivered,52.02,2026-07-30 11:11:00
ORDER-00775,CUST-00051,2026-09-10,placed,486.07,2026-09-10 22:31:00
ORDER-00776,CUST-00230,2026-08-13,delivered,280.86,2026-08-13 19:27:00
ORDER-00777,CUST-00273,2026-09-22,cancelled,153.93,2026-09-22 10:41:00
ORDER-00778,CUST-00162,2026-08-20,processing,153.22,2026-08-21 02:36:00
ORDER-00779,CUST-00208,2026-09-10,shipped,490.25,2026-09-11 14:51:00
ORDER-00780,CUST-00230,2026-06-27,delivered,39.99,2026-06-28 09:42:00
ORDER-00781,CUST-00286,2026-06-18,placed,337.81,2026-06-20 05:32:00
ORDER-00782,CUST-00078,2026-09-03,placed,91.5,2026-09-04 08:33:00
ORDER-00783,CUST-00143,2026-07-02,cancelled,361.75,2026-07-02 11:02:00
ORDER-00784,CUST-00108,2026-08-12,shipped,345.97,2026-08-14 02:50:00
ORDER-00785,CUST-00073,2026-06-28,delivered,124.45,2026-06-29 16:28:00
ORDER-00786,CUST-00113,2026-09-19,shipped,195.76,2026-09-20 06:29:00
ORDER-00787,CUST-00239,2026-08-07,cancelled,369.48,2026-08-09 11:44:00
ORDER-00788,CUST-00201,2026-06-16,delivered,91.48,2026-06-17 16:31:00
ORDER-00789,CUST-00211,2026-07-02,delivered,373.9,2026-07-02 22:55:00
ORDER-00790,CUST-00035,2026-09-13,delivered,276.15,2026-09-14 17:17:00
ORDER-00791,CUST-00175,2026-06-25,processing,103.22,2026-06-26 00:57:00
ORDER-00792,CUST-00172,2026-06-18,cancelled,400.73,2026-06-19 18:49:00
ORDER-00793,CUST-00220,2026-07-28,shipped,494.49,2026-07-28 13:15:00
ORDER-00794,CUST-00154,2026-09-12,shipped,29.46,2026-09-14 02:41:00
ORDER-00795,CUST-00103,2026-09-17,shipped,405.58,2026-09-18 19:58:00
ORDER-00796,CUST-00128,2026-08-20,delivered,388.11,2026-08-22 00:54:00
ORDER-00797,CUST-00284,2026-08-19,shipped,419.19,2026-08-20 05:14:00
ORDER-00798,CUST-00002,2026-08-02,shipped,47.63,2026-08-03 01:03:00
ORDER-00799,CUST-00111,2026-07-23,delivered,111.97,2026-07-25 07:10:00
ORDER-00800,CUST-00071,2026-08-07,delivered,471.45,2026-08-08 19:25:00
