event_id,order_id,carrier,tracking_number,ship_date,delivery_status,event_timestamp
EVT-000001,ORDER-00002,ups,220933649193,2026-08-07,label_created,2026-08-07 05:00:00
EVT-000002,ORDER-00002,fedex,286704952916,2026-08-07,in_transit,2026-08-07 06:00:00
EVT-000003,ORDER-00003,dhl,005406115922,2026-08-21,label_created,2026-08-21 05:00:00
EVT-000004,ORDER-00005,fedex,440809767771,2026-07-01,label_created,2026-07-01 04:00:00
EVT-000005,ORDER-00005,ups,368506556198,2026-07-01,in_transit,2026-07-01 09:00:00
EVT-000006,ORDER-00006,ups,733260786507,2026-06-23,label_created,2026-06-23 00:00:00
EVT-000007,ORDER-00007,dhl,578361110298,2026-09-14,label_created,2026-09-14 02:00:00
EVT-000008,ORDER-00007,ups,272182132243,2026-09-14,in_transit,2026-09-14 10:00:00
EVT-000009,ORDER-00007,fedex,358575403777,2026-09-14,out_for_delivery,2026-09-14 17:00:00
EVT-000010,ORDER-00008,fedex,698427373654,2026-07-11,label_created,2026-07-11 01:00:00
EVT-000011,ORDER-00008,usps,444393922433,2026-07-11,in_transit,2026-07-11 06:00:00
EVT-000012,ORDER-00008,fedex,626687916329,2026-07-11,out_for_delivery,2026-07-11 17:00:00
EVT-000013,ORDER-00010,ups,922263117006,2026-09-03,label_created,2026-09-03 02:00:00
EVT-000014,ORDER-00012,ups,924631631953,2026-09-08,label_created,2026-09-08 00:00:00
EVT-000015,ORDER-00013,ups,765444466735,2026-07-02,label_created,2026-07-02 05:00:00
EVT-000016,ORDER-00013,ups,714524874596,2026-07-02,in_transit,2026-07-02 07:00:00
EVT-000017,ORDER-00013,ups,238280634986,2026-07-02,out_for_delivery,2026-07-02 17:00:00
EVT-000018,ORDER-00015,usps,044174181900,2026-08-28,label_created,2026-08-28 02:00:00
EVT-000019,ORDER-00015,usps,121661265025,2026-08-28,in_transit,2026-08-28 07:00:00
EVT-000020,ORDER-00016,usps,951933984779,2026-07-30,label_created,2026-07-30 04:00:00
EVT-000021,ORDER-00016,usps,444623927684,2026-07-30,in_transit,2026-07-30 07:00:00
EVT-000022,ORDER-00017,ups,946663898150,2026-07-09,label_created,2026-07-09 05:00:00
EVT-000023,ORDER-00018,usps,266507493479,2026-07-11,label_created,2026-07-11 04:00:00
EVT-000024,ORDER-00018,dhl,797683001936,2026-07-11,in_transit,2026-07-11 11:00:00
EVT-000025,ORDER-00019,usps,266974045070,2026-06-05,label_created,2026-06-05 02:00:00
EVT-000026,ORDER-00020,usps,565678353814,2026-06-16,label_created,2026-06-16 00:00:00
EVT-000027,ORDER-00021,fedex,377857484445,2026-06-07,label_created,2026-06-07 02:00:00
EVT-000028,ORDER-00021,fedex,488262365543,2026-06-07,in_transit,2026-06-07 09:00:00
EVT-000029,ORDER-00022,dhl,092801608844,2026-07-04,label_created,2026-07-04 05:00:00
EVT-000030,ORDER-00022,ups,996567219958,2026-07-04,in_transit,2026-07-04 06:00:00
EVT-000031,ORDER-00022,usps,054774918718,2026-07-04,out_for_delivery,2026-07-04 15:00:00
EVT-000032,ORDER-00025,dhl,378860320160,2026-07-20,label_created,2026-07-20 05:00:00
EVT-000033,ORDER-00025,ups,607857276181,2026-07-20,in_transit,2026-07-20 07:00:00
EVT-000034,ORDER-00026,usps,385499352430,2026-08-06,label_created,2026-08-06 04:00:00
EVT-000035,ORDER-00027,ups,170277004443,2026-06-07,label_created,2026-06-07 03:00:00
EVT-000036,ORDER-00027,ups,780671118091,2026-06-07,in_transit,2026-06-07 09:00:00
EVT-000037,ORDER-00028,ups,897694740498,2026-06-15,label_created,2026-06-15 01:00:00
EVT-000038,ORDER-00029,fedex,769839695333,2026-09-14,label_created,2026-09-14 04:00:00
EVT-000039,ORDER-00029,usps,545063469783,2026-09-14,in_transit,2026-09-14 11:00:00
EVT-000040,ORDER-00029,fedex,374775866735,2026-09-14,out_for_delivery,2026-09-14 16:00:00
EVT-000041,ORDER-00031,fedex,620270528027,2026-07-09,label_created,2026-07-09 00:00:00
EVT-000042,ORDER-00032,dhl,749199458790,2026-07-30,label_created,2026-07-30 04:00:00
EVT-000043,ORDER-00034,dhl,571882564626,2026-09-10,label_created,2026-09-10 05:00:00
EVT-000044,ORDER-00034,ups,398642610930,2026-09-10,in_transit,2026-09-10 11:00:00
EVT-000045,ORDER-00035,ups,887734373500,2026-06-03,label_created,2026-06-03 04:00:00
EVT-000046,ORDER-00035,fedex,047434553766,2026-06-03,in_transit,2026-06-03 10:00:00
EVT-000047,ORDER-00035,dhl,587682311176,2026-06-03,out_for_delivery,2026-06-03 17:00:00
EVT-000048,ORDER-00036,fedex,337570706135,2026-08-15,label_created,2026-08-15 03:00:00
EVT-000049,ORDER-00036,dhl,576966767448,2026-08-15,in_transit,2026-08-15 11:00:00
EVT-000050,ORDER-00037,fedex,614360271721,2026-08-10,label_created,2026-08-10 05:00:00
EVT-000051,ORDER-00037,usps,635065447058,2026-08-10,in_transit,2026-08-10 08:00:00
EVT-000052,ORDER-00038,usps,960355483130,2026-06-15,label_created,2026-06-15 03:00:00
EVT-000053,ORDER-00040,usps,797772413452,2026-07-17,label_created,2026-07-17 03:00:00
EVT-000054,ORDER-00040,dhl,632825831796,2026-07-17,in_transit,2026-07-17 10:00:00
EVT-000055,ORDER-00040,usps,151372802187,2026-07-17,out_for_delivery,2026-07-17 15:00:00
EVT-000056,ORDER-00042,fedex,377339434509,2026-08-25,label_created,2026-08-25 04:00:00
EVT-000057,ORDER-00042,ups,002809019926,2026-08-25,in_transit,2026-08-25 07:00:00
EVT-000058,ORDER-00043,usps,355406067494,2026-05-29,label_created,2026-05-29 01:00:00
EVT-000059,ORDER-00043,dhl,171087858792,2026-05-29,in_transit,2026-05-29 08:00:00
EVT-000060,ORDER-00043,dhl,403585395160,2026-05-29,out_for_delivery,2026-05-29 12:00:00
EVT-000061,ORDER-00044,ups,194739683626,2026-08-28,label_created,2026-08-28 00:00:00
EVT-000062,ORDER-00044,usps,696044325112,2026-08-28,in_transit,2026-08-28 11:00:00
EVT-000063,ORDER-00044,ups,449637326268,2026-08-28,out_for_delivery,2026-08-28 15:00:00
EVT-000064,ORDER-00045,ups,361291149504,2026-06-17,label_created,2026-06-17 00:00:00
EVT-000065,ORDER-00045,dhl,672894827466,2026-06-17,in_transit,2026-06-17 09:00:00
EVT-000066,ORDER-00045,ups,498175279117,2026-06-17,out_for_delivery,2026-06-17 13:00:00
EVT-000067,ORDER-00048,usps,880833508426,2026-09-13,label_created,2026-09-13 00:00:00
EVT-000068,ORDER-00048,dhl,396916616325,2026-09-13,in_transit,2026-09-13 11:00:00
EVT-000069,ORDER-00049,usps,549653726230,2026-09-20,label_created,2026-09-20 01:00:00
EVT-000070,ORDER-00050,usps,107950140443,2026-09-10,label_created,2026-09-10 04:00:00
EVT-000071,ORDER-00050,dhl,269599072949,2026-09-10,in_transit,2026-09-10 09:00:00
EVT-000072,ORDER-00051,dhl,275790623675,2026-09-20,label_created,2026-09-20 01:00:00
EVT-000073,ORDER-00051,usps,712313151882,2026-09-20,in_transit,2026-09-20 10:00:00
EVT-000074,ORDER-00052,ups,995272706262,2026-06-12,label_created,2026-06-12 05:00:00
EVT-000075,ORDER-00052,ups,541898736204,2026-06-12,in_transit,2026-06-12 10:00:00
EVT-000076,ORDER-00052,fedex,592857371315,2026-06-12,out_for_delivery,2026-06-12 14:00:00
EVT-000077,ORDER-00053,ups,978293178819,2026-09-23,label_created,2026-09-23 05:00:00
EVT-000078,ORDER-00053,dhl,822588248257,2026-09-23,in_transit,2026-09-23 06:00:00
EVT-000079,ORDER-00054,dhl,115312712021,2026-07-30,label_created,2026-07-30 05:00:00
EVT-000080,ORDER-00054,dhl,071719558090,2026-07-30,in_transit,2026-07-30 08:00:00
EVT-000081,ORDER-00055,ups,082395856136,2026-08-16,label_created,2026-08-16 01:00:00
EVT-000082,ORDER-00057,dhl,709507663070,2026-07-21,label_created,2026-07-21 02:00:00
EVT-000083,ORDER-00057,dhl,644466966103,2026-07-21,in_transit,2026-07-21 11:00:00
EVT-000084,ORDER-00058,usps,661470963399,2026-05-27,label_created,2026-05-27 03:00:00
EVT-000085,ORDER-00058,ups,063606700663,2026-05-27,in_transit,2026-05-27 10:00:00
EVT-000086,ORDER-00059,fedex,346260170492,2026-07-12,label_created,2026-07-12 05:00:00
EVT-000087,ORDER-00059,dhl,642376270948,2026-07-12,in_transit,2026-07-12 08:00:00
EVT-000088,ORDER-00061,usps,137769248970,2026-07-18,label_created,2026-07-18 03:00:00
EVT-000089,ORDER-00062,fedex,992128783710,2026-09-14,label_created,2026-09-14 05:00:00
EVT-000090,ORDER-00062,dhl,938006796098,2026-09-14,in_transit,2026-09-14 08:00:00
EVT-000091,ORDER-00063,dhl,370239676079,2026-06-27,label_created,2026-06-27 02:00:00
EVT-000092,ORDER-00063,usps,685498303653,2026-06-27,in_transit,2026-06-27 06:00:00
EVT-000093,ORDER-00064,ups,182316204139,2026-09-11,label_created,2026-09-11 03:00:00
EVT-000094,ORDER-00065,usps,999728031311,2026-07-13,label_created,2026-07-13 03:00:00
EVT-000095,ORDER-00065,usps,463220122154,2026-07-13,in_transit,2026-07-13 07:00:00
EVT-000096,ORDER-00066,dhl,805557238543,2026-08-13,label_created,2026-08-13 01:00:00
EVT-000097,ORDER-00067,usps,727056007250,2026-08-30,label_created,2026-08-30 04:00:00
EVT-000098,ORDER-00068,dhl,452081717802,2026-05-31,label_created,2026-05-31 01:00:00
EVT-000099,ORDER-00068,usps,470207949157,2026-05-31,in_transit,2026-05-31 07:00:00
EVT-000100,ORDER-00068,dhl,350775557496,2026-05-31,out_for_delivery,2026-05-31 12:00:00
EVT-000101,ORDER-00069,fedex,901318289912,2026-09-15,label_created,2026-09-15 02:00:00
EVT-000102,ORDER-00070,ups,083281358801,2026-09-25,label_created,2026-09-25 05:00:00
EVT-000103,ORDER-00072,usps,492730988455,2026-07-29,label_created,2026-07-29 02:00:00
EVT-000104,ORDER-00073,dhl,296022622730,2026-07-23,label_created,2026-07-23 01:00:00
EVT-000105,ORDER-00073,dhl,764521581177,2026-07-23,in_transit,2026-07-23 06:00:00
EVT-000106,ORDER-00073,ups,475256036513,2026-07-23,out_for_delivery,2026-07-23 14:00:00
EVT-000107,ORDER-00074,fedex,051053550125,2026-08-06,label_created,2026-08-06 02:00:00
EVT-000108,ORDER-00074,usps,042676870619,2026-08-06,in_transit,2026-08-06 06:00:00
EVT-000109,ORDER-00075,usps,709354895397,2026-06-23,label_created,2026-06-23 04:00:00
EVT-000110,ORDER-00075,ups,649881167291,2026-06-23,in_transit,2026-06-23 06:00:00
EVT-000111,ORDER-00076,ups,886946345083,2026-09-09,label_created,2026-09-09 00:00:00
EVT-000112,ORDER-00078,ups,694252366403,2026-07-24,label_created,2026-07-24 01:00:00
EVT-000113,ORDER-00078,ups,138214145233,2026-07-24,in_transit,2026-07-24 06:00:00
EVT-000114,ORDER-00079,dhl,289530369233,2026-07-25,label_created,2026-07-25 04:00:00
EVT-000115,ORDER-00079,dhl,170496047092,2026-07-25,in_transit,2026-07-25 07:00:00
EVT-000116,ORDER-00080,usps,814018715067,2026-06-19,label_created,2026-06-19 05:00:00
EVT-000117,ORDER-00080,ups,419447560596,2026-06-19,in_transit,2026-06-19 10:00:00
EVT-000118,ORDER-00080,dhl,038839214771,2026-06-19,out_for_delivery,2026-06-19 17:00:00
EVT-000119,ORDER-00081,fedex,289315974904,2026-08-17,label_created,2026-08-17 05:00:00
EVT-000120,ORDER-00081,fedex,846492910597,2026-08-17,in_transit,2026-08-17 08:00:00
EVT-000121,ORDER-00082,fedex,622569926900,2026-06-17,label_created,2026-06-17 00:00:00
EVT-000122,ORDER-00082,usps,244687069820,2026-06-17,in_transit,2026-06-17 06:00:00
EVT-000123,ORDER-00083,ups,769286037894,2026-08-15,label_created,2026-08-15 04:00:00
EVT-000124,ORDER-00083,usps,412389211702,2026-08-15,in_transit,2026-08-15 10:00:00
EVT-000125,ORDER-00083,fedex,911748280734,2026-08-15,out_for_delivery,2026-08-15 12:00:00
EVT-000126,ORDER-00084,usps,401958501817,2026-06-26,label_created,2026-06-26 03:00:00
EVT-000127,ORDER-00084,ups,077243255584,2026-06-26,in_transit,2026-06-26 11:00:00
EVT-000128,ORDER-00085,ups,852237489286,2026-07-18,label_created,2026-07-18 03:00:00
EVT-000129,ORDER-00085,usps,778821171634,2026-07-18,in_transit,2026-07-18 07:00:00
EVT-000130,ORDER-00086,dhl,713801431320,2026-09-12,label_created,2026-09-12 03:00:00
EVT-000131,ORDER-00086,dhl,607886595183,2026-09-12,in_transit,2026-09-12 10:00:00
EVT-000132,ORDER-00087,usps,485745363157,2026-08-31,label_created,2026-08-31 02:00:00
EVT-000133,ORDER-00087,fedex,147257913171,2026-08-31,in_transit,2026-08-31 09:00:00
EVT-000134,ORDER-00087,usps,081370065869,2026-08-31,out_for_delivery,2026-08-31 13:00:00
EVT-000135,ORDER-00089,ups,169068220237,2026-09-18,label_created,2026-09-18 00:00:00
EVT-000136,ORDER-00089,dhl,829076324981,2026-09-18,in_transit,2026-09-18 06:00:00
EVT-000137,ORDER-00089,fedex,287351949833,2026-09-18,out_for_delivery,2026-09-18 13:00:00
EVT-000138,ORDER-00090,fedex,570581577173,2026-06-17,label_created,2026-06-17 04:00:00
EVT-000139,ORDER-00090,usps,453338570873,2026-06-17,in_transit,2026-06-17 06:00:00
EVT-000140,ORDER-00091,usps,729996725324,2026-09-21,label_created,2026-09-21 01:00:00
EVT-000141,ORDER-00093,dhl,519209869063,2026-08-30,label_created,2026-08-30 03:00:00
EVT-000142,ORDER-00094,usps,189504186491,2026-09-22,label_created,2026-09-22 02:00:00
EVT-000143,ORDER-00094,usps,899680458818,2026-09-22,in_transit,2026-09-22 07:00:00
EVT-000144,ORDER-00095,fedex,403965376910,2026-06-08,label_created,2026-06-08 04:00:00
EVT-000145,ORDER-00095,dhl,401426382716,2026-06-08,in_transit,2026-06-08 10:00:00
EVT-000146,ORDER-00095,usps,709558015973,2026-06-08,out_for_delivery,2026-06-08 15:00:00
EVT-000147,ORDER-00097,dhl,799106009997,2026-08-20,label_created,2026-08-20 00:00:00
EVT-000148,ORDER-00097,dhl,047385665236,2026-08-20,in_transit,2026-08-20 10:00:00
EVT-000149,ORDER-00098,dhl,390859222276,2026-06-27,label_created,2026-06-27 01:00:00
EVT-000150,ORDER-00098,fedex,007603737364,2026-06-27,in_transit,2026-06-27 11:00:00
EVT-000151,ORDER-00098,fedex,773304526576,2026-06-27,out_for_delivery,2026-06-27 16:00:00
EVT-000152,ORDER-00099,usps,417805308176,2026-08-30,label_created,2026-08-30 01:00:00
EVT-000153,ORDER-00099,fedex,170143214908,2026-08-30,in_transit,2026-08-30 06:00:00
EVT-000154,ORDER-00099,usps,130720488901,2026-08-30,out_for_delivery,2026-08-30 12:00:00
EVT-000155,ORDER-00100,dhl,464763893986,2026-08-19,label_created,2026-08-19 05:00:00
EVT-000156,ORDER-00101,ups,182123269216,2026-06-23,label_created,2026-06-23 02:00:00
EVT-000157,ORDER-00102,fedex,766072042188,2026-09-09,label_created,2026-09-09 04:00:00
EVT-000158,ORDER-00102,usps,390367831052,2026-09-09,in_transit,2026-09-09 07:00:00
EVT-000159,ORDER-00104,fedex,300827952816,2026-06-01,label_created,2026-06-01 05:00:00
EVT-000160,ORDER-00105,ups,828328022480,2026-08-22,label_created,2026-08-22 01:00:00
EVT-000161,ORDER-00105,fedex,228989256454,2026-08-22,in_transit,2026-08-22 09:00:00
EVT-000162,ORDER-00105,dhl,903941754821,2026-08-22,out_for_delivery,2026-08-22 15:00:00
EVT-000163,ORDER-00106,dhl,546817470141,2026-08-18,label_created,2026-08-18 03:00:00
EVT-000164,ORDER-00106,fedex,601565975711,2026-08-18,in_transit,2026-08-18 11:00:00
EVT-000165,ORDER-00107,fedex,411763322228,2026-06-24,label_created,2026-06-24 01:00:00
EVT-000166,ORDER-00108,fedex,049130903751,2026-09-12,label_created,2026-09-12 04:00:00
EVT-000167,ORDER-00108,fedex,819759555954,2026-09-12,in_transit,2026-09-12 07:00:00
EVT-000168,ORDER-00108,ups,031004497808,2026-09-12,out_for_delivery,2026-09-12 12:00:00
EVT-000169,ORDER-00109,dhl,801318019242,2026-08-29,label_created,2026-08-29 02:00:00
EVT-000170,ORDER-00110,ups,292059648539,2026-07-07,label_created,2026-07-07 04:00:00
EVT-000171,ORDER-00110,ups,512301017517,2026-07-07,in_transit,2026-07-07 09:00:00
EVT-000172,ORDER-00111,fedex,007923801652,2026-06-05,label_created,2026-06-05 00:00:00
EVT-000173,ORDER-00111,dhl,061059285840,2026-06-05,in_transit,2026-06-05 08:00:00
EVT-000174,ORDER-00111,dhl,474703212161,2026-06-05,out_for_delivery,2026-06-05 14:00:00
EVT-000175,ORDER-00113,fedex,487603038681,2026-08-12,label_created,2026-08-12 01:00:00
EVT-000176,ORDER-00113,ups,447406979814,2026-08-12,in_transit,2026-08-12 09:00:00
EVT-000177,ORDER-00114,ups,189353838014,2026-08-04,label_created,2026-08-04 00:00:00
EVT-000178,ORDER-00114,dhl,519711266782,2026-08-04,in_transit,2026-08-04 07:00:00
EVT-000179,ORDER-00116,fedex,217675787149,2026-06-06,label_created,2026-06-06 03:00:00
EVT-000180,ORDER-00118,fedex,266006841250,2026-08-09,label_created,2026-08-09 01:00:00
EVT-000181,ORDER-00119,usps,363869718749,2026-05-27,label_created,2026-05-27 03:00:00
EVT-000182,ORDER-00119,fedex,193186943860,2026-05-27,in_transit,2026-05-27 09:00:00
EVT-000183,ORDER-00120,ups,487310804260,2026-06-26,label_created,2026-06-26 00:00:00
EVT-000184,ORDER-00120,dhl,855560991983,2026-06-26,in_transit,2026-06-26 10:00:00
EVT-000185,ORDER-00120,dhl,285551288109,2026-06-26,out_for_delivery,2026-06-26 12:00:00
EVT-000186,ORDER-00122,dhl,608821705189,2026-07-04,label_created,2026-07-04 00:00:00
EVT-000187,ORDER-00123,usps,179467030856,2026-08-14,label_created,2026-08-14 00:00:00
EVT-000188,ORDER-00125,dhl,070457887596,2026-06-05,label_created,2026-06-05 03:00:00
EVT-000189,ORDER-00128,fedex,556508934847,2026-08-19,label_created,2026-08-19 04:00:00
EVT-000190,ORDER-00129,fedex,873027526729,2026-06-07,label_created,2026-06-07 02:00:00
EVT-000191,ORDER-00130,dhl,734370393228,2026-08-12,label_created,2026-08-12 01:00:00
EVT-000192,ORDER-00130,usps,811615334858,2026-08-12,in_transit,2026-08-12 11:00:00
EVT-000193,ORDER-00133,fedex,888064258419,2026-08-16,label_created,2026-08-16 01:00:00
EVT-000194,ORDER-00133,dhl,144486147573,2026-08-16,in_transit,2026-08-16 11:00:00
EVT-000195,ORDER-00134,usps,931712772985,2026-09-23,label_created,2026-09-23 00:00:00
EVT-000196,ORDER-00135,ups,488660793226,2026-06-11,label_created,2026-06-11 04:00:00
EVT-000197,ORDER-00135,fedex,954783513462,2026-06-11,in_transit,2026-06-11 06:00:00
EVT-000198,ORDER-00135,fedex,751613885959,2026-06-11,out_for_delivery,2026-06-11 14:00:00
EVT-000199,ORDER-00136,usps,455899108623,2026-06-25,label_created,2026-06-25 03:00:00
EVT-000200,ORDER-00136,usps,482414240020,2026-06-25,in_transit,2026-06-25 08:00:00
EVT-000201,ORDER-00136,usps,862437394180,2026-06-25,out_for_delivery,2026-06-25 16:00:00
EVT-000202,ORDER-00137,fedex,558473206665,2026-07-04,label_created,2026-07-04 00:00:00
EVT-000203,ORDER-00138,fedex,266088934836,2026-09-19,label_created,2026-09-19 05:00:00
EVT-000204,ORDER-00138,usps,410334381609,2026-09-19,in_transit,2026-09-19 07:00:00
EVT-000205,ORDER-00138,ups,073197474538,2026-09-19,out_for_delivery,2026-09-19 15:00:00
EVT-000206,ORDER-00139,dhl,942217337322,2026-08-11,label_created,2026-08-11 02:00:00
EVT-000207,ORDER-00139,fedex,850244512276,2026-08-11,in_transit,2026-08-11 11:00:00
EVT-000208,ORDER-00139,fedex,967957785893,2026-08-11,out_for_delivery,2026-08-11 17:00:00
EVT-000209,ORDER-00140,dhl,477917619848,2026-06-09,label_created,2026-06-09 00:00:00
EVT-000210,ORDER-00141,usps,432796677958,2026-06-14,label_created,2026-06-14 00:00:00
EVT-000211,ORDER-00141,dhl,804457985138,2026-06-14,in_transit,2026-06-14 07:00:00
EVT-000212,ORDER-00142,fedex,863254333129,2026-07-07,label_created,2026-07-07 05:00:00
EVT-000213,ORDER-00142,usps,801169989367,2026-07-07,in_transit,2026-07-07 09:00:00
EVT-000214,ORDER-00143,usps,378145645481,2026-07-10,label_created,2026-07-10 02:00:00
EVT-000215,ORDER-00143,ups,851477243765,2026-07-10,in_transit,2026-07-10 06:00:00
EVT-000216,ORDER-00143,fedex,631862653171,2026-07-10,out_for_delivery,2026-07-10 14:00:00
EVT-000217,ORDER-00145,usps,599941836814,2026-05-29,label_created,2026-05-29 01:00:00
EVT-000218,ORDER-00147,dhl,465778191264,2026-06-18,label_created,2026-06-18 05:00:00
EVT-000219,ORDER-00147,dhl,956345459786,2026-06-18,in_transit,2026-06-18 07:00:00
EVT-000220,ORDER-00147,usps,423107545412,2026-06-18,out_for_delivery,2026-06-18 13:00:00
EVT-000221,ORDER-00148,dhl,448460317687,2026-08-02,label_created,2026-08-02 01:00:00
EVT-000222,ORDER-00149,fedex,725860688011,2026-07-03,label_created,2026-07-03 03:00:00
EVT-000223,ORDER-00150,dhl,941343667017,2026-06-24,label_created,2026-06-24 00:00:00
EVT-000224,ORDER-00150,dhl,804095423013,2026-06-24,in_transit,2026-06-24 07:00:00
EVT-000225,ORDER-00150,usps,904820033542,2026-06-24,out_for_delivery,2026-06-24 15:00:00
EVT-000226,ORDER-00151,dhl,715558477390,2026-06-05,label_created,2026-06-05 05:00:00
EVT-000227,ORDER-00152,fedex,038591522379,2026-08-11,label_created,2026-08-11 04:00:00
EVT-000228,ORDER-00152,usps,342362978957,2026-08-11,in_transit,2026-08-11 10:00:00
EVT-000229,ORDER-00152,usps,244024082298,2026-08-11,out_for_delivery,2026-08-11 17:00:00
EVT-000230,ORDER-00153,usps,905532308972,2026-07-03,label_created,2026-07-03 01:00:00
EVT-000231,ORDER-00155,dhl,925945651533,2026-09-15,label_created,2026-09-15 01:00:00
EVT-000232,ORDER-00156,fedex,090487195927,2026-06-24,label_created,2026-06-24 01:00:00
EVT-000233,ORDER-00157,dhl,492063452681,2026-09-11,label_created,2026-09-11 02:00:00
EVT-000234,ORDER-00157,dhl,838752609452,2026-09-11,in_transit,2026-09-11 08:00:00
EVT-000235,ORDER-00157,fedex,735993624619,2026-09-11,out_for_delivery,2026-09-11 17:00:00
EVT-000236,ORDER-00158,usps,122238215815,2026-07-20,label_created,2026-07-20 01:00:00
EVT-000237,ORDER-00158,dhl,876871626398,2026-07-20,in_transit,2026-07-20 10:00:00
EVT-000238,ORDER-00159,usps,062277371160,2026-09-26,label_created,2026-09-26 00:00:00
EVT-000239,ORDER-00159,ups,007284650373,2026-09-26,in_transit,2026-09-26 07:00:00
EVT-000240,ORDER-00160,usps,909038465231,2026-05-29,label_created,2026-05-29 02:00:00
EVT-000241,ORDER-00163,usps,879807218312,2026-07-22,label_created,2026-07-22 05:00:00
EVT-000242,ORDER-00163,fedex,740465488964,2026-07-22,in_transit,2026-07-22 07:00:00
EVT-000243,ORDER-00163,ups,221724452096,2026-07-22,out_for_delivery,2026-07-22 12:00:00
EVT-000244,ORDER-00165,ups,119014174953,2026-08-01,label_created,2026-08-01 02:00:00
EVT-000245,ORDER-00165,ups,351056441473,2026-08-01,in_transit,2026-08-01 06:00:00
EVT-000246,ORDER-00166,fedex,255212473072,2026-07-08,label_created,2026-07-08 02:00:00
EVT-000247,ORDER-00167,dhl,450298379061,2026-07-22,label_created,2026-07-22 05:00:00
EVT-000248,ORDER-00167,usps,133198617042,2026-07-22,in_transit,2026-07-22 09:00:00
EVT-000249,ORDER-00168,ups,709608438521,2026-06-26,label_created,2026-06-26 01:00:00
EVT-000250,ORDER-00169,fedex,982190387065,2026-07-31,label_created,2026-07-31 03:00:00
EVT-000251,ORDER-00170,fedex,346524211349,2026-08-12,label_created,2026-08-12 00:00:00
EVT-000252,ORDER-00170,fedex,107769006218,2026-08-12,in_transit,2026-08-12 10:00:00
EVT-000253,ORDER-00170,dhl,708130027503,2026-08-12,out_for_delivery,2026-08-12 12:00:00
EVT-000254,ORDER-00173,ups,813957846666,2026-07-01,label_created,2026-07-01 00:00:00
EVT-000255,ORDER-00173,usps,179719193692,2026-07-01,in_transit,2026-07-01 06:00:00
EVT-000256,ORDER-00173,usps,129190317480,2026-07-01,out_for_delivery,2026-07-01 15:00:00
EVT-000257,ORDER-00174,fedex,027563439235,2026-09-10,label_created,2026-09-10 00:00:00
EVT-000258,ORDER-00174,fedex,783230373792,2026-09-10,in_transit,2026-09-10 07:00:00
EVT-000259,ORDER-00174,dhl,152959091841,2026-09-10,out_for_delivery,2026-09-10 17:00:00
EVT-000260,ORDER-00176,fedex,604269868879,2026-08-31,label_created,2026-08-31 00:00:00
EVT-000261,ORDER-00176,usps,024813284691,2026-08-31,in_transit,2026-08-31 11:00:00
EVT-000262,ORDER-00178,usps,316233897147,2026-07-16,label_created,2026-07-16 04:00:00
EVT-000263,ORDER-00178,fedex,595853137702,2026-07-16,in_transit,2026-07-16 08:00:00
EVT-000264,ORDER-00178,usps,832583860913,2026-07-16,out_for_delivery,2026-07-16 15:00:00
EVT-000265,ORDER-00180,ups,080885278762,2026-08-30,label_created,2026-08-30 02:00:00
EVT-000266,ORDER-00180,dhl,176374327098,2026-08-30,in_transit,2026-08-30 06:00:00
EVT-000267,ORDER-00180,ups,266336403353,2026-08-30,out_for_delivery,2026-08-30 14:00:00
EVT-000268,ORDER-00181,dhl,005548778567,2026-06-05,label_created,2026-06-05 04:00:00
EVT-000269,ORDER-00181,dhl,932319188052,2026-06-05,in_transit,2026-06-05 07:00:00
EVT-000270,ORDER-00182,fedex,907393595288,2026-09-10,label_created,2026-09-10 01:00:00
EVT-000271,ORDER-00182,ups,986269058128,2026-09-10,in_transit,2026-09-10 09:00:00
EVT-000272,ORDER-00182,usps,791241159292,2026-09-10,out_for_delivery,2026-09-10 17:00:00
EVT-000273,ORDER-00183,fedex,588525275748,2026-09-06,label_created,2026-09-06 00:00:00
EVT-000274,ORDER-00183,ups,349383256186,2026-09-06,in_transit,2026-09-06 07:00:00
EVT-000275,ORDER-00183,ups,683506248216,2026-09-06,out_for_delivery,2026-09-06 15:00:00
EVT-000276,ORDER-00184,usps,215752797874,2026-09-19,label_created,2026-09-19 03:00:00
EVT-000277,ORDER-00184,ups,855351774108,2026-09-19,in_transit,2026-09-19 08:00:00
EVT-000278,ORDER-00185,fedex,530484539960,2026-06-28,label_created,2026-06-28 03:00:00
EVT-000279,ORDER-00186,ups,455640070107,2026-09-22,label_created,2026-09-22 04:00:00
EVT-000280,ORDER-00186,fedex,217685577094,2026-09-22,in_transit,2026-09-22 10:00:00
EVT-000281,ORDER-00187,fedex,690201318985,2026-07-10,label_created,2026-07-10 02:00:00
EVT-000282,ORDER-00188,ups,027251637292,2026-07-30,label_created,2026-07-30 03:00:00
EVT-000283,ORDER-00189,fedex,987377016301,2026-06-11,label_created,2026-06-11 02:00:00
EVT-000284,ORDER-00189,ups,922692179450,2026-06-11,in_transit,2026-06-11 07:00:00
EVT-000285,ORDER-00190,fedex,408993442663,2026-07-28,label_created,2026-07-28 01:00:00
EVT-000286,ORDER-00190,fedex,461774902350,2026-07-28,in_transit,2026-07-28 11:00:00
EVT-000287,ORDER-00191,ups,527287661690,2026-08-18,label_created,2026-08-18 03:00:00
EVT-000288,ORDER-00191,fedex,643658746430,2026-08-18,in_transit,2026-08-18 06:00:00
EVT-000289,ORDER-00191,usps,053059655424,2026-08-18,out_for_delivery,2026-08-18 14:00:00
EVT-000290,ORDER-00192,usps,942746572353,2026-06-09,label_created,2026-06-09 05:00:00
EVT-000291,ORDER-00192,ups,491469290611,2026-06-09,in_transit,2026-06-09 10:00:00
EVT-000292,ORDER-00195,dhl,070303797502,2026-08-10,label_created,2026-08-10 05:00:00
EVT-000293,ORDER-00195,fedex,026153115001,2026-08-10,in_transit,2026-08-10 10:00:00
EVT-000294,ORDER-00195,usps,601398362977,2026-08-10,out_for_delivery,2026-08-10 12:00:00
EVT-000295,ORDER-00198,fedex,880641435327,2026-07-26,label_created,2026-07-26 04:00:00
EVT-000296,ORDER-00198,usps,065449134161,2026-07-26,in_transit,2026-07-26 06:00:00
EVT-000297,ORDER-00198,dhl,438690952208,2026-07-26,out_for_delivery,2026-07-26 12:00:00
EVT-000298,ORDER-00199,dhl,926792605575,2026-09-19,label_created,2026-09-19 01:00:00
EVT-000299,ORDER-00199,dhl,695107964859,2026-09-19,in_transit,2026-09-19 07:00:00
EVT-000300,ORDER-00199,usps,268550960579,2026-09-19,out_for_delivery,2026-09-19 14:00:00
EVT-000301,ORDER-00200,usps,603538989162,2026-09-10,label_created,2026-09-10 03:00:00
EVT-000302,ORDER-00200,fedex,197439469925,2026-09-10,in_transit,2026-09-10 10:00:00
EVT-000303,ORDER-00200,usps,439070779637,2026-09-10,out_for_delivery,2026-09-10 15:00:00
EVT-000304,ORDER-00202,dhl,066320915901,2026-09-15,label_created,2026-09-15 00:00:00
EVT-000305,ORDER-00202,fedex,676452680849,2026-09-15,in_transit,2026-09-15 07:00:00
EVT-000306,ORDER-00202,dhl,497944007671,2026-09-15,out_for_delivery,2026-09-15 12:00:00
EVT-000307,ORDER-00204,dhl,850433333792,2026-07-13,label_created,2026-07-13 01:00:00
EVT-000308,ORDER-00204,usps,772533576510,2026-07-13,in_transit,2026-07-13 11:00:00
EVT-000309,ORDER-00204,usps,263489490653,2026-07-13,out_for_delivery,2026-07-13 15:00:00
EVT-000310,ORDER-00206,dhl,541007768991,2026-07-27,label_created,2026-07-27 00:00:00
EVT-000311,ORDER-00207,usps,491890141702,2026-07-27,label_created,2026-07-27 02:00:00
EVT-000312,ORDER-00208,usps,490607228718,2026-07-10,label_created,2026-07-10 03:00:00
EVT-000313,ORDER-00208,fedex,943461357300,2026-07-10,in_transit,2026-07-10 10:00:00
EVT-000314,ORDER-00209,dhl,048401530846,2026-09-07,label_created,2026-09-07 05:00:00
EVT-000315,ORDER-00210,ups,007032386805,2026-05-28,label_created,2026-05-28 00:00:00
EVT-000316,ORDER-00211,usps,659672694103,2026-05-29,label_created,2026-05-29 05:00:00
EVT-000317,ORDER-00211,usps,026320821587,2026-05-29,in_transit,2026-05-29 08:00:00
EVT-000318,ORDER-00213,fedex,712301101075,2026-06-18,label_created,2026-06-18 03:00:00
EVT-000319,ORDER-00213,fedex,798035200792,2026-06-18,in_transit,2026-06-18 10:00:00
EVT-000320,ORDER-00214,fedex,419309341123,2026-08-24,label_created,2026-08-24 00:00:00
EVT-000321,ORDER-00214,usps,015030828743,2026-08-24,in_transit,2026-08-24 07:00:00
EVT-000322,ORDER-00214,ups,684240030548,2026-08-24,out_for_delivery,2026-08-24 14:00:00
EVT-000323,ORDER-00217,dhl,343112310464,2026-09-05,label_created,2026-09-05 04:00:00
EVT-000324,ORDER-00217,usps,685501531730,2026-09-05,in_transit,2026-09-05 07:00:00
EVT-000325,ORDER-00218,dhl,526834371909,2026-08-23,label_created,2026-08-23 03:00:00
EVT-000326,ORDER-00218,usps,724401170670,2026-08-23,in_transit,2026-08-23 11:00:00
EVT-000327,ORDER-00219,fedex,526010093785,2026-08-14,label_created,2026-08-14 00:00:00
EVT-000328,ORDER-00219,fedex,502112804574,2026-08-14,in_transit,2026-08-14 07:00:00
EVT-000329,ORDER-00219,usps,105289238821,2026-08-14,out_for_delivery,2026-08-14 15:00:00
EVT-000330,ORDER-00224,fedex,093214347155,2026-07-07,label_created,2026-07-07 05:00:00
EVT-000331,ORDER-00229,dhl,758201344845,2026-09-13,label_created,2026-09-13 02:00:00
EVT-000332,ORDER-00230,dhl,823507465344,2026-06-15,label_created,2026-06-15 03:00:00
EVT-000333,ORDER-00231,usps,039901879205,2026-07-06,label_created,2026-07-06 03:00:00
EVT-000334,ORDER-00231,ups,888386856721,2026-07-06,in_transit,2026-07-06 11:00:00
EVT-000335,ORDER-00231,dhl,386118079499,2026-07-06,out_for_delivery,2026-07-06 12:00:00
EVT-000336,ORDER-00234,fedex,900700230881,2026-09-03,label_created,2026-09-03 02:00:00
EVT-000337,ORDER-00234,fedex,682104844576,2026-09-03,in_transit,2026-09-03 09:00:00
EVT-000338,ORDER-00236,dhl,596572158353,2026-07-02,label_created,2026-07-02 05:00:00
EVT-000339,ORDER-00237,ups,299140489731,2026-09-23,label_created,2026-09-23 02:00:00
EVT-000340,ORDER-00238,dhl,345100278900,2026-06-05,label_created,2026-06-05 04:00:00
EVT-000341,ORDER-00238,usps,448719494356,2026-06-05,in_transit,2026-06-05 11:00:00
EVT-000342,ORDER-00239,dhl,397543321035,2026-06-21,label_created,2026-06-21 03:00:00
EVT-000343,ORDER-00240,fedex,343739295601,2026-09-02,label_created,2026-09-02 02:00:00
EVT-000344,ORDER-00240,ups,399501111023,2026-09-02,in_transit,2026-09-02 09:00:00
EVT-000345,ORDER-00241,dhl,561583597694,2026-07-04,label_created,2026-07-04 03:00:00
EVT-000346,ORDER-00242,fedex,202628949808,2026-09-15,label_created,2026-09-15 01:00:00
EVT-000347,ORDER-00244,fedex,674535799434,2026-06-21,label_created,2026-06-21 05:00:00
EVT-000348,ORDER-00244,ups,278792134012,2026-06-21,in_transit,2026-06-21 11:00:00
EVT-000349,ORDER-00245,fedex,051257960788,2026-06-02,label_created,2026-06-02 00:00:00
EVT-000350,ORDER-00245,usps,320698268897,2026-06-02,in_transit,2026-06-02 07:00:00
EVT-000351,ORDER-00246,usps,685214247933,2026-07-13,label_created,2026-07-13 01:00:00
EVT-000352,ORDER-00246,fedex,767031968802,2026-07-13,in_transit,2026-07-13 07:00:00
EVT-000353,ORDER-00246,dhl,129338579069,2026-07-13,out_for_delivery,2026-07-13 15:00:00
EVT-000354,ORDER-00248,ups,000959021293,2026-08-04,label_created,2026-08-04 02:00:00
EVT-000355,ORDER-00248,usps,167388801916,2026-08-04,in_transit,2026-08-04 11:00:00
EVT-000356,ORDER-00248,usps,337993865843,2026-08-04,out_for_delivery,2026-08-04 14:00:00
EVT-000357,ORDER-00249,dhl,159557694679,2026-07-04,label_created,2026-07-04 02:00:00
EVT-000358,ORDER-00249,ups,288393871894,2026-07-04,in_transit,2026-07-04 11:00:00
EVT-000359,ORDER-00249,ups,333378165242,2026-07-04,out_for_delivery,2026-07-04 15:00:00
EVT-000360,ORDER-00251,fedex,499502956710,2026-09-03,label_created,2026-09-03 00:00:00
EVT-000361,ORDER-00251,fedex,113406229596,2026-09-03,in_transit,2026-09-03 11:00:00
EVT-000362,ORDER-00251,fedex,785996540427,2026-09-03,out_for_delivery,2026-09-03 17:00:00
EVT-000363,ORDER-00252,ups,899695918800,2026-06-12,label_created,2026-06-12 05:00:00
EVT-000364,ORDER-00253,fedex,034078638968,2026-07-11,label_created,2026-07-11 03:00:00
EVT-000365,ORDER-00254,fedex,508587733833,2026-07-28,label_created,2026-07-28 05:00:00
EVT-000366,ORDER-00257,dhl,262543863010,2026-07-13,label_created,2026-07-13 02:00:00
EVT-000367,ORDER-00257,ups,481125366602,2026-07-13,in_transit,2026-07-13 10:00:00
EVT-000368,ORDER-00258,dhl,598862375862,2026-07-07,label_created,2026-07-07 04:00:00
EVT-000369,ORDER-00258,dhl,012604592539,2026-07-07,in_transit,2026-07-07 09:00:00
EVT-000370,ORDER-00258,fedex,684973494322,2026-07-07,out_for_delivery,2026-07-07 14:00:00
EVT-000371,ORDER-00260,dhl,731465458715,2026-09-01,label_created,2026-09-01 05:00:00
EVT-000372,ORDER-00261,dhl,443004635122,2026-07-28,label_created,2026-07-28 00:00:00
EVT-000373,ORDER-00261,ups,343973656527,2026-07-28,in_transit,2026-07-28 10:00:00
EVT-000374,ORDER-00262,dhl,451156617630,2026-07-13,label_created,2026-07-13 00:00:00
EVT-000375,ORDER-00263,fedex,260666273376,2026-07-08,label_created,2026-07-08 04:00:00
EVT-000376,ORDER-00264,dhl,757480501221,2026-08-28,label_created,2026-08-28 03:00:00
EVT-000377,ORDER-00265,dhl,044445059785,2026-09-01,label_created,2026-09-01 04:00:00
EVT-000378,ORDER-00265,usps,708817463710,2026-09-01,in_transit,2026-09-01 08:00:00
EVT-000379,ORDER-00265,usps,484443510002,2026-09-01,out_for_delivery,2026-09-01 14:00:00
EVT-000380,ORDER-00268,fedex,410055310576,2026-09-10,label_created,2026-09-10 04:00:00
EVT-000381,ORDER-00268,usps,954308659995,2026-09-10,in_transit,2026-09-10 06:00:00
EVT-000382,ORDER-00268,usps,507473785914,2026-09-10,out_for_delivery,2026-09-10 15:00:00
EVT-000383,ORDER-00269,fedex,494908574831,2026-06-01,label_created,2026-06-01 04:00:00
EVT-000384,ORDER-00269,dhl,568670244300,2026-06-01,in_transit,2026-06-01 09:00:00
EVT-000385,ORDER-00269,usps,081037400876,2026-06-01,out_for_delivery,2026-06-01 14:00:00
EVT-000386,ORDER-00270,ups,515983200418,2026-08-23,label_created,2026-08-23 02:00:00
EVT-000387,ORDER-00270,ups,116558611752,2026-08-23,in_transit,2026-08-23 09:00:00
EVT-000388,ORDER-00271,usps,109221013241,2026-05-30,label_created,2026-05-30 05:00:00
EVT-000389,ORDER-00272,ups,975821736206,2026-08-01,label_created,2026-08-01 03:00:00
EVT-000390,ORDER-00272,dhl,858395164968,2026-08-01,in_transit,2026-08-01 11:00:00
EVT-000391,ORDER-00273,dhl,942575014044,2026-09-06,label_created,2026-09-06 01:00:00
EVT-000392,ORDER-00273,fedex,855359000834,2026-09-06,in_transit,2026-09-06 09:00:00
EVT-000393,ORDER-00274,fedex,297656726755,2026-09-08,label_created,2026-09-08 01:00:00
EVT-000394,ORDER-00274,usps,863733123694,2026-09-08,in_transit,2026-09-08 08:00:00
EVT-000395,ORDER-00275,usps,078857648571,2026-06-26,label_created,2026-06-26 02:00:00
EVT-000396,ORDER-00276,dhl,096621769886,2026-06-16,label_created,2026-06-16 03:00:00
EVT-000397,ORDER-00276,ups,992018981842,2026-06-16,in_transit,2026-06-16 08:00:00
EVT-000398,ORDER-00278,usps,662405847259,2026-06-15,label_created,2026-06-15 05:00:00
EVT-000399,ORDER-00278,fedex,666947900389,2026-06-15,in_transit,2026-06-15 08:00:00
EVT-000400,ORDER-00279,usps,099207231868,2026-08-16,label_created,2026-08-16 05:00:00
EVT-000401,ORDER-00279,ups,984738315202,2026-08-16,in_transit,2026-08-16 06:00:00
EVT-000402,ORDER-00282,dhl,454028342713,2026-06-18,label_created,2026-06-18 01:00:00
EVT-000403,ORDER-00282,usps,003545116778,2026-06-18,in_transit,2026-06-18 06:00:00
EVT-000404,ORDER-00283,fedex,868534970621,2026-05-29,label_created,2026-05-29 00:00:00
EVT-000405,ORDER-00284,dhl,216414625038,2026-08-21,label_created,2026-08-21 03:00:00
EVT-000406,ORDER-00285,fedex,915111273368,2026-08-02,label_created,2026-08-02 00:00:00
EVT-000407,ORDER-00285,usps,037598512280,2026-08-02,in_transit,2026-08-02 08:00:00
EVT-000408,ORDER-00286,usps,363425959191,2026-08-14,label_created,2026-08-14 00:00:00
EVT-000409,ORDER-00286,usps,262975501671,2026-08-14,in_transit,2026-08-14 09:00:00
EVT-000410,ORDER-00286,ups,926466495368,2026-08-14,out_for_delivery,2026-08-14 16:00:00
EVT-000411,ORDER-00287,usps,546541900805,2026-09-15,label_created,2026-09-15 03:00:00
EVT-000412,ORDER-00287,usps,343290324365,2026-09-15,in_transit,2026-09-15 08:00:00
EVT-000413,ORDER-00287,fedex,969493699282,2026-09-15,out_for_delivery,2026-09-15 12:00:00
EVT-000414,ORDER-00291,fedex,621082044970,2026-06-26,label_created,2026-06-26 00:00:00
EVT-000415,ORDER-00292,usps,509421254097,2026-07-14,label_created,2026-07-14 03:00:00
EVT-000416,ORDER-00293,dhl,052764872489,2026-08-09,label_created,2026-08-09 00:00:00
EVT-000417,ORDER-00295,usps,986223544692,2026-06-21,label_created,2026-06-21 00:00:00
EVT-000418,ORDER-00296,fedex,423040383570,2026-08-27,label_created,2026-08-27 04:00:00
EVT-000419,ORDER-00296,usps,410873008360,2026-08-27,in_transit,2026-08-27 09:00:00
EVT-000420,ORDER-00297,ups,257772991852,2026-08-16,label_created,2026-08-16 03:00:00
EVT-000421,ORDER-00298,usps,241423296781,2026-06-06,label_created,2026-06-06 02:00:00
EVT-000422,ORDER-00298,fedex,452215541118,2026-06-06,in_transit,2026-06-06 10:00:00
EVT-000423,ORDER-00298,fedex,570087602855,2026-06-06,out_for_delivery,2026-06-06 14:00:00
EVT-000424,ORDER-00299,fedex,598470650014,2026-07-31,label_created,2026-07-31 00:00:00
EVT-000425,ORDER-00300,usps,855776189087,2026-06-25,label_created,2026-06-25 01:00:00
EVT-000426,ORDER-00301,usps,600507395710,2026-07-24,label_created,2026-07-24 02:00:00
EVT-000427,ORDER-00303,ups,438810971610,2026-07-21,label_created,2026-07-21 03:00:00
EVT-000428,ORDER-00303,ups,522461139721,2026-07-21,in_transit,2026-07-21 09:00:00
EVT-000429,ORDER-00305,fedex,336982102070,2026-07-23,label_created,2026-07-23 01:00:00
EVT-000430,ORDER-00305,usps,692681360460,2026-07-23,in_transit,2026-07-23 09:00:00
EVT-000431,ORDER-00307,dhl,733796647922,2026-07-31,label_created,2026-07-31 04:00:00
EVT-000432,ORDER-00307,dhl,922220736392,2026-07-31,in_transit,2026-07-31 08:00:00
EVT-000433,ORDER-00309,dhl,807884771479,2026-06-11,label_created,2026-06-11 05:00:00
EVT-000434,ORDER-00309,dhl,733176092314,2026-06-11,in_transit,2026-06-11 10:00:00
EVT-000435,ORDER-00310,usps,525364639964,2026-09-09,label_created,2026-09-09 05:00:00
EVT-000436,ORDER-00310,usps,942696814196,2026-09-09,in_transit,2026-09-09 08:00:00
EVT-000437,ORDER-00310,ups,306471434166,2026-09-09,out_for_delivery,2026-09-09 13:00:00
EVT-000438,ORDER-00311,ups,064719435581,2026-07-02,label_created,2026-07-02 02:00:00
EVT-000439,ORDER-00312,dhl,351014034431,2026-06-29,label_created,2026-06-29 05:00:00
EVT-000440,ORDER-00312,usps,631450700967,2026-06-29,in_transit,2026-06-29 07:00:00
EVT-000441,ORDER-00312,dhl,794676081127,2026-06-29,out_for_delivery,2026-06-29 17:00:00
EVT-000442,ORDER-00313,fedex,586234635828,2026-09-02,label_created,2026-09-02 03:00:00
EVT-000443,ORDER-00314,fedex,729788913577,2026-09-18,label_created,2026-09-18 05:00:00
EVT-000444,ORDER-00314,usps,381986486261,2026-09-18,in_transit,2026-09-18 11:00:00
EVT-000445,ORDER-00315,fedex,674514884752,2026-06-22,label_created,2026-06-22 00:00:00
EVT-000446,ORDER-00315,ups,985998824565,2026-06-22,in_transit,2026-06-22 06:00:00
EVT-000447,ORDER-00316,ups,637423433096,2026-09-01,label_created,2026-09-01 01:00:00
EVT-000448,ORDER-00316,fedex,367209652414,2026-09-01,in_transit,2026-09-01 10:00:00
EVT-000449,ORDER-00317,usps,932113491596,2026-06-13,label_created,2026-06-13 05:00:00
EVT-000450,ORDER-00317,ups,709084929532,2026-06-13,in_transit,2026-06-13 06:00:00
EVT-000451,ORDER-00317,usps,654402626317,2026-06-13,out_for_delivery,2026-06-13 17:00:00
EVT-000452,ORDER-00318,dhl,320974172877,2026-08-18,label_created,2026-08-18 01:00:00
EVT-000453,ORDER-00318,ups,009103914726,2026-08-18,in_transit,2026-08-18 11:00:00
EVT-000454,ORDER-00319,usps,554489163604,2026-05-31,label_created,2026-05-31 03:00:00
EVT-000455,ORDER-00319,usps,113662368934,2026-05-31,in_transit,2026-05-31 06:00:00
EVT-000456,ORDER-00319,usps,722770986417,2026-05-31,out_for_delivery,2026-05-31 12:00:00
EVT-000457,ORDER-00320,usps,943626840777,2026-07-25,label_created,2026-07-25 02:00:00
EVT-000458,ORDER-00320,usps,091825989696,2026-07-25,in_transit,2026-07-25 11:00:00
EVT-000459,ORDER-00323,ups,393163690013,2026-06-14,label_created,2026-06-14 00:00:00
EVT-000460,ORDER-00325,dhl,625618404885,2026-07-14,label_created,2026-07-14 02:00:00
EVT-000461,ORDER-00325,ups,672534218681,2026-07-14,in_transit,2026-07-14 07:00:00
EVT-000462,ORDER-00325,ups,373818149762,2026-07-14,out_for_delivery,2026-07-14 17:00:00
EVT-000463,ORDER-00327,ups,521194995097,2026-06-23,label_created,2026-06-23 04:00:00
EVT-000464,ORDER-00327,dhl,304050003068,2026-06-23,in_transit,2026-06-23 09:00:00
EVT-000465,ORDER-00328,ups,668734498415,2026-09-24,label_created,2026-09-24 02:00:00
EVT-000466,ORDER-00330,ups,467326405496,2026-08-29,label_created,2026-08-29 02:00:00
EVT-000467,ORDER-00331,dhl,550023459664,2026-08-04,label_created,2026-08-04 02:00:00
EVT-000468,ORDER-00331,ups,300114546898,2026-08-04,in_transit,2026-08-04 11:00:00
EVT-000469,ORDER-00331,ups,916623260227,2026-08-04,out_for_delivery,2026-08-04 13:00:00
EVT-000470,ORDER-00332,ups,520594086601,2026-06-21,label_created,2026-06-21 00:00:00
EVT-000471,ORDER-00332,fedex,292046374366,2026-06-21,in_transit,2026-06-21 06:00:00
EVT-000472,ORDER-00332,dhl,497779719169,2026-06-21,out_for_delivery,2026-06-21 16:00:00
EVT-000473,ORDER-00335,usps,115690436665,2026-08-17,label_created,2026-08-17 04:00:00
EVT-000474,ORDER-00336,usps,872323700730,2026-06-06,label_created,2026-06-06 03:00:00
EVT-000475,ORDER-00336,ups,357750460870,2026-06-06,in_transit,2026-06-06 06:00:00
EVT-000476,ORDER-00336,fedex,522034180355,2026-06-06,out_for_delivery,2026-06-06 16:00:00
EVT-000477,ORDER-00338,usps,452776483053,2026-06-26,label_created,2026-06-26 00:00:00
EVT-000478,ORDER-00339,dhl,697907416490,2026-08-10,label_created,2026-08-10 00:00:00
EVT-000479,ORDER-00340,ups,317415218116,2026-06-16,label_created,2026-06-16 00:00:00
EVT-000480,ORDER-00341,ups,468763919259,2026-07-07,label_created,2026-07-07 01:00:00
EVT-000481,ORDER-00342,fedex,453929990222,2026-06-10,label_created,2026-06-10 03:00:00
EVT-000482,ORDER-00343,fedex,260098877574,2026-08-26,label_created,2026-08-26 03:00:00
EVT-000483,ORDER-00343,fedex,877551200569,2026-08-26,in_transit,2026-08-26 09:00:00
EVT-000484,ORDER-00343,fedex,648960893344,2026-08-26,out_for_delivery,2026-08-26 17:00:00
EVT-000485,ORDER-00345,fedex,954883518060,2026-08-09,label_created,2026-08-09 02:00:00
EVT-000486,ORDER-00346,usps,921937432354,2026-07-07,label_created,2026-07-07 03:00:00
EVT-000487,ORDER-00346,usps,536905250973,2026-07-07,in_transit,2026-07-07 07:00:00
EVT-000488,ORDER-00348,dhl,802301245578,2026-07-06,label_created,2026-07-06 00:00:00
EVT-000489,ORDER-00348,usps,705041164987,2026-07-06,in_transit,2026-07-06 09:00:00
EVT-000490,ORDER-00349,usps,909364997452,2026-08-03,label_created,2026-08-03 04:00:00
EVT-000491,ORDER-00349,dhl,441131385695,2026-08-03,in_transit,2026-08-03 09:00:00
EVT-000492,ORDER-00349,fedex,272321133632,2026-08-03,out_for_delivery,2026-08-03 14:00:00
EVT-000493,ORDER-00350,usps,357640148000,2026-06-09,label_created,2026-06-09 03:00:00
EVT-000494,ORDER-00352,dhl,666366349868,2026-09-24,label_created,2026-09-24 00:00:00
EVT-000495,ORDER-00354,ups,956268228389,2026-08-12,label_created,2026-08-12 01:00:00
EVT-000496,ORDER-00354,usps,897348097276,2026-08-12,in_transit,2026-08-12 10:00:00
EVT-000497,ORDER-00354,dhl,950840954203,2026-08-12,out_for_delivery,2026-08-12 12:00:00
EVT-000498,ORDER-00355,usps,786073850729,2026-08-16,label_created,2026-08-16 05:00:00
EVT-000499,ORDER-00356,dhl,456026743528,2026-08-05,label_created,2026-08-05 03:00:00
EVT-000500,ORDER-00356,dhl,929071931069,2026-08-05,in_transit,2026-08-05 09:00:00
EVT-000501,ORDER-00356,usps,755706356198,2026-08-05,out_for_delivery,2026-08-05 12:00:00
EVT-000502,ORDER-00358,dhl,322824772765,2026-07-25,label_created,2026-07-25 05:00:00
EVT-000503,ORDER-00358,ups,029059645760,2026-07-25,in_transit,2026-07-25 06:00:00
EVT-000504,ORDER-00358,usps,390295770219,2026-07-25,out_for_delivery,2026-07-25 13:00:00
EVT-000505,ORDER-00359,fedex,208156497761,2026-07-18,label_created,2026-07-18 04:00:00
EVT-000506,ORDER-00359,fedex,272115816870,2026-07-18,in_transit,2026-07-18 08:00:00
EVT-000507,ORDER-00360,fedex,370245779821,2026-08-11,label_created,2026-08-11 03:00:00
EVT-000508,ORDER-00360,dhl,012644751634,2026-08-11,in_transit,2026-08-11 11:00:00
EVT-000509,ORDER-00361,usps,538785904911,2026-08-16,label_created,2026-08-16 00:00:00
EVT-000510,ORDER-00362,dhl,731973716311,2026-07-14,label_created,2026-07-14 04:00:00
EVT-000511,ORDER-00365,dhl,235253228123,2026-06-10,label_created,2026-06-10 03:00:00
EVT-000512,ORDER-00365,fedex,543378286018,2026-06-10,in_transit,2026-06-10 10:00:00
EVT-000513,ORDER-00365,usps,935222769484,2026-06-10,out_for_delivery,2026-06-10 17:00:00
EVT-000514,ORDER-00366,fedex,143197714490,2026-08-03,label_created,2026-08-03 04:00:00
EVT-000515,ORDER-00366,ups,524178086261,2026-08-03,in_transit,2026-08-03 09:00:00
EVT-000516,ORDER-00367,usps,205174824999,2026-06-08,label_created,2026-06-08 03:00:00
EVT-000517,ORDER-00367,fedex,863703252736,2026-06-08,in_transit,2026-06-08 11:00:00
EVT-000518,ORDER-00367,ups,046376615612,2026-06-08,out_for_delivery,2026-06-08 12:00:00
EVT-000519,ORDER-00368,fedex,974447408586,2026-06-22,label_created,2026-06-22 03:00:00
EVT-000520,ORDER-00369,fedex,244713372315,2026-08-18,label_created,2026-08-18 02:00:00
EVT-000521,ORDER-00369,fedex,523837018614,2026-08-18,in_transit,2026-08-18 07:00:00
EVT-000522,ORDER-00370,ups,057815216463,2026-08-22,label_created,2026-08-22 03:00:00
EVT-000523,ORDER-00371,usps,918846601887,2026-06-03,label_created,2026-06-03 02:00:00
EVT-000524,ORDER-00372,fedex,693165347437,2026-06-03,label_created,2026-06-03 00:00:00
EVT-000525,ORDER-00372,usps,906771389995,2026-06-03,in_transit,2026-06-03 07:00:00
EVT-000526,ORDER-00373,usps,472626858898,2026-06-18,label_created,2026-06-18 02:00:00
EVT-000527,ORDER-00374,dhl,374872272486,2026-06-26,label_created,2026-06-26 01:00:00
EVT-000528,ORDER-00374,dhl,707789455781,2026-06-26,in_transit,2026-06-26 10:00:00
EVT-000529,ORDER-00376,fedex,441078752815,2026-07-11,label_created,2026-07-11 01:00:00
EVT-000530,ORDER-00376,ups,760029742970,2026-07-11,in_transit,2026-07-11 06:00:00
EVT-000531,ORDER-00377,usps,918719101176,2026-09-13,label_created,2026-09-13 05:00:00
EVT-000532,ORDER-00377,usps,652266689408,2026-09-13,in_transit,2026-09-13 07:00:00
EVT-000533,ORDER-00378,dhl,566286661266,2026-06-27,label_created,2026-06-27 04:00:00
EVT-000534,ORDER-00378,usps,345881085878,2026-06-27,in_transit,2026-06-27 11:00:00
EVT-000535,ORDER-00379,ups,598806571034,2026-07-17,label_created,2026-07-17 05:00:00
EVT-000536,ORDER-00381,dhl,917512582655,2026-05-31,label_created,2026-05-31 02:00:00
EVT-000537,ORDER-00381,ups,031212930787,2026-05-31,in_transit,2026-05-31 08:00:00
EVT-000538,ORDER-00382,dhl,548617001404,2026-06-13,label_created,2026-06-13 01:00:00
EVT-000539,ORDER-00382,dhl,390779349512,2026-06-13,in_transit,2026-06-13 10:00:00
EVT-000540,ORDER-00384,ups,684748957373,2026-06-13,label_created,2026-06-13 01:00:00
EVT-000541,ORDER-00384,ups,363671237764,2026-06-13,in_transit,2026-06-13 11:00:00
EVT-000542,ORDER-00384,usps,144941946973,2026-06-13,out_for_delivery,2026-06-13 17:00:00
EVT-000543,ORDER-00385,ups,427181554649,2026-06-13,label_created,2026-06-13 02:00:00
EVT-000544,ORDER-00385,ups,785882495220,2026-06-13,in_transit,2026-06-13 08:00:00
EVT-000545,ORDER-00385,usps,287855101373,2026-06-13,out_for_delivery,2026-06-13 12:00:00
EVT-000546,ORDER-00386,dhl,407469464973,2026-09-14,label_created,2026-09-14 01:00:00
EVT-000547,ORDER-00386,usps,410753617419,2026-09-14,in_transit,2026-09-14 07:00:00
EVT-000548,ORDER-00389,fedex,390160744005,2026-08-07,label_created,2026-08-07 05:00:00
EVT-000549,ORDER-00390,dhl,183041870974,2026-07-07,label_created,2026-07-07 02:00:00
EVT-000550,ORDER-00391,dhl,147127297258,2026-09-11,label_created,2026-09-11 01:00:00
EVT-000551,ORDER-00391,ups,799689341272,2026-09-11,in_transit,2026-09-11 06:00:00
EVT-000552,ORDER-00391,usps,104883620143,2026-09-11,out_for_delivery,2026-09-11 13:00:00
EVT-000553,ORDER-00393,dhl,873054068558,2026-06-01,label_created,2026-06-01 01:00:00
EVT-000554,ORDER-00393,dhl,451289989379,2026-06-01,in_transit,2026-06-01 10:00:00
EVT-000555,ORDER-00393,usps,454616415915,2026-06-01,out_for_delivery,2026-06-01 16:00:00
EVT-000556,ORDER-00394,ups,527673664760,2026-09-20,label_created,2026-09-20 01:00:00
EVT-000557,ORDER-00394,dhl,580579423805,2026-09-20,in_transit,2026-09-20 07:00:00
EVT-000558,ORDER-00394,ups,298349815558,2026-09-20,out_for_delivery,2026-09-20 16:00:00
EVT-000559,ORDER-00395,dhl,070826217372,2026-06-07,label_created,2026-06-07 03:00:00
EVT-000560,ORDER-00398,fedex,071255066584,2026-08-09,label_created,2026-08-09 00:00:00
EVT-000561,ORDER-00399,ups,053242046377,2026-07-09,label_created,2026-07-09 05:00:00
EVT-000562,ORDER-00399,ups,965435817441,2026-07-09,in_transit,2026-07-09 07:00:00
EVT-000563,ORDER-00400,dhl,013149838276,2026-06-13,label_created,2026-06-13 03:00:00
EVT-000564,ORDER-00400,ups,315759581933,2026-06-13,in_transit,2026-06-13 06:00:00
EVT-000565,ORDER-00401,usps,544206791137,2026-09-22,label_created,2026-09-22 02:00:00
EVT-000566,ORDER-00401,fedex,654746980309,2026-09-22,in_transit,2026-09-22 06:00:00
EVT-000567,ORDER-00401,dhl,691170895446,2026-09-22,out_for_delivery,2026-09-22 12:00:00
EVT-000568,ORDER-00402,usps,925542798956,2026-06-13,label_created,2026-06-13 02:00:00
EVT-000569,ORDER-00402,fedex,289495676869,2026-06-13,in_transit,2026-06-13 11:00:00
EVT-000570,ORDER-00402,usps,428404559534,2026-06-13,out_for_delivery,2026-06-13 14:00:00
EVT-000571,ORDER-00403,dhl,120310663158,2026-09-09,label_created,2026-09-09 01:00:00
EVT-000572,ORDER-00403,fedex,090736735710,2026-09-09,in_transit,2026-09-09 08:00:00
EVT-000573,ORDER-00404,dhl,305008305091,2026-07-02,label_created,2026-07-02 04:00:00
EVT-000574,ORDER-00404,ups,702862224630,2026-07-02,in_transit,2026-07-02 07:00:00
EVT-000575,ORDER-00406,ups,604223895358,2026-07-20,label_created,2026-07-20 03:00:00
EVT-000576,ORDER-00406,ups,925581175518,2026-07-20,in_transit,2026-07-20 06:00:00
EVT-000577,ORDER-00406,ups,627905738407,2026-07-20,out_for_delivery,2026-07-20 15:00:00
EVT-000578,ORDER-00407,dhl,956382682386,2026-06-10,label_created,2026-06-10 01:00:00
EVT-000579,ORDER-00408,fedex,831911302059,2026-08-15,label_created,2026-08-15 00:00:00
EVT-000580,ORDER-00408,ups,197652632338,2026-08-15,in_transit,2026-08-15 06:00:00
EVT-000581,ORDER-00408,usps,917797039836,2026-08-15,out_for_delivery,2026-08-15 14:00:00
EVT-000582,ORDER-00410,fedex,881194110455,2026-09-24,label_created,2026-09-24 04:00:00
EVT-000583,ORDER-00410,ups,123567275658,2026-09-24,in_transit,2026-09-24 10:00:00
EVT-000584,ORDER-00410,fedex,630991953411,2026-09-24,out_for_delivery,2026-09-24 15:00:00
EVT-000585,ORDER-00413,dhl,373756954827,2026-07-17,label_created,2026-07-17 03:00:00
EVT-000586,ORDER-00413,usps,364645361668,2026-07-17,in_transit,2026-07-17 11:00:00
EVT-000587,ORDER-00414,ups,046074091923,2026-08-10,label_created,2026-08-10 04:00:00
EVT-000588,ORDER-00414,dhl,279920577381,2026-08-10,in_transit,2026-08-10 09:00:00
EVT-000589,ORDER-00414,dhl,071230775877,2026-08-10,out_for_delivery,2026-08-10 16:00:00
EVT-000590,ORDER-00415,usps,383491288293,2026-07-15,label_created,2026-07-15 01:00:00
EVT-000591,ORDER-00415,dhl,780511705031,2026-07-15,in_transit,2026-07-15 06:00:00
EVT-000592,ORDER-00416,ups,021590724386,2026-07-09,label_created,2026-07-09 00:00:00
EVT-000593,ORDER-00416,dhl,471323620923,2026-07-09,in_transit,2026-07-09 10:00:00
EVT-000594,ORDER-00418,fedex,954062248456,2026-09-16,label_created,2026-09-16 00:00:00
EVT-000595,ORDER-00418,fedex,756586978316,2026-09-16,in_transit,2026-09-16 10:00:00
EVT-000596,ORDER-00418,ups,396894071807,2026-09-16,out_for_delivery,2026-09-16 12:00:00
EVT-000597,ORDER-00420,ups,521144157671,2026-08-30,label_created,2026-08-30 05:00:00
EVT-000598,ORDER-00420,ups,816506562073,2026-08-30,in_transit,2026-08-30 11:00:00
EVT-000599,ORDER-00420,ups,481024897745,2026-08-30,out_for_delivery,2026-08-30 12:00:00
EVT-000600,ORDER-00421,usps,581801144318,2026-08-30,label_created,2026-08-30 05:00:00
EVT-000601,ORDER-00421,ups,722954180002,2026-08-30,in_transit,2026-08-30 06:00:00
EVT-000602,ORDER-00421,ups,927595836942,2026-08-30,out_for_delivery,2026-08-30 15:00:00
EVT-000603,ORDER-00422,fedex,682842691487,2026-08-31,label_created,2026-08-31 01:00:00
EVT-000604,ORDER-00422,usps,298958535930,2026-08-31,in_transit,2026-08-31 07:00:00
EVT-000605,ORDER-00423,fedex,848027705704,2026-08-24,label_created,2026-08-24 04:00:00
EVT-000606,ORDER-00423,fedex,457835352786,2026-08-24,in_transit,2026-08-24 11:00:00
EVT-000607,ORDER-00423,fedex,465973734637,2026-08-24,out_for_delivery,2026-08-24 15:00:00
EVT-000608,ORDER-00425,usps,004875488894,2026-06-30,label_created,2026-06-30 02:00:00
EVT-000609,ORDER-00425,dhl,557201734750,2026-06-30,in_transit,2026-06-30 06:00:00
EVT-000610,ORDER-00425,fedex,678011874135,2026-06-30,out_for_delivery,2026-06-30 16:00:00
EVT-000611,ORDER-00426,usps,558007026670,2026-08-02,label_created,2026-08-02 01:00:00
EVT-000612,ORDER-00427,dhl,581132582404,2026-07-05,label_created,2026-07-05 04:00:00
EVT-000613,ORDER-00427,usps,039467303495,2026-07-05,in_transit,2026-07-05 11:00:00
EVT-000614,ORDER-00427,usps,378433811288,2026-07-05,out_for_delivery,2026-07-05 12:00:00
EVT-000615,ORDER-00429,dhl,170023470346,2026-07-22,label_created,2026-07-22 01:00:00
EVT-000616,ORDER-00429,usps,110425576465,2026-07-22,in_transit,2026-07-22 09:00:00
EVT-000617,ORDER-00429,usps,147495901780,2026-07-22,out_for_delivery,2026-07-22 13:00:00
EVT-000618,ORDER-00430,ups,993372330151,2026-08-07,label_created,2026-08-07 03:00:00
EVT-000619,ORDER-00430,fedex,182048074056,2026-08-07,in_transit,2026-08-07 09:00:00
EVT-000620,ORDER-00430,dhl,589559415474,2026-08-07,out_for_delivery,2026-08-07 17:00:00
EVT-000621,ORDER-00431,fedex,531980543456,2026-09-04,label_created,2026-09-04 00:00:00
EVT-000622,ORDER-00434,usps,510424795095,2026-07-14,label_created,2026-07-14 05:00:00
EVT-000623,ORDER-00434,usps,799830843898,2026-07-14,in_transit,2026-07-14 11:00:00
EVT-000624,ORDER-00435,fedex,459043183961,2026-09-17,label_created,2026-09-17 04:00:00
EVT-000625,ORDER-00435,ups,467161238578,2026-09-17,in_transit,2026-09-17 08:00:00
EVT-000626,ORDER-00435,usps,911630214565,2026-09-17,out_for_delivery,2026-09-17 13:00:00
EVT-000627,ORDER-00436,usps,108007690277,2026-07-28,label_created,2026-07-28 02:00:00
EVT-000628,ORDER-00436,fedex,403073814293,2026-07-28,in_transit,2026-07-28 10:00:00
EVT-000629,ORDER-00437,dhl,743998230945,2026-09-10,label_created,2026-09-10 00:00:00
EVT-000630,ORDER-00437,usps,373420452456,2026-09-10,in_transit,2026-09-10 09:00:00
EVT-000631,ORDER-00437,dhl,653520888041,2026-09-10,out_for_delivery,2026-09-10 13:00:00
EVT-000632,ORDER-00438,dhl,882617817960,2026-06-12,label_created,2026-06-12 01:00:00
EVT-000633,ORDER-00438,dhl,982493013252,2026-06-12,in_transit,2026-06-12 08:00:00
EVT-000634,ORDER-00439,fedex,748092882609,2026-07-04,label_created,2026-07-04 05:00:00
EVT-000635,ORDER-00439,dhl,276665438670,2026-07-04,in_transit,2026-07-04 06:00:00
EVT-000636,ORDER-00441,fedex,326566427364,2026-07-12,label_created,2026-07-12 01:00:00
EVT-000637,ORDER-00441,dhl,405302908650,2026-07-12,in_transit,2026-07-12 10:00:00
EVT-000638,ORDER-00442,dhl,610055835424,2026-08-19,label_created,2026-08-19 01:00:00
EVT-000639,ORDER-00443,fedex,705748966268,2026-09-03,label_created,2026-09-03 02:00:00
EVT-000640,ORDER-00443,dhl,147505360602,2026-09-03,in_transit,2026-09-03 09:00:00
EVT-000641,ORDER-00444,usps,457991022557,2026-08-15,label_created,2026-08-15 00:00:00
EVT-000642,ORDER-00445,usps,657036095585,2026-09-13,label_created,2026-09-13 02:00:00
EVT-000643,ORDER-00445,ups,047382724392,2026-09-13,in_transit,2026-09-13 11:00:00
EVT-000644,ORDER-00445,fedex,662084451231,2026-09-13,out_for_delivery,2026-09-13 15:00:00
EVT-000645,ORDER-00447,fedex,893282693701,2026-08-22,label_created,2026-08-22 04:00:00
EVT-000646,ORDER-00450,ups,221563396130,2026-08-26,label_created,2026-08-26 00:00:00
EVT-000647,ORDER-00450,fedex,438575151059,2026-08-26,in_transit,2026-08-26 11:00:00
EVT-000648,ORDER-00450,dhl,280546486443,2026-08-26,out_for_delivery,2026-08-26 17:00:00
EVT-000649,ORDER-00451,fedex,834502917667,2026-06-06,label_created,2026-06-06 04:00:00
EVT-000650,ORDER-00452,usps,756228713056,2026-08-20,label_created,2026-08-20 00:00:00
EVT-000651,ORDER-00452,fedex,785830416491,2026-08-20,in_transit,2026-08-20 10:00:00
EVT-000652,ORDER-00452,dhl,857575370531,2026-08-20,out_for_delivery,2026-08-20 15:00:00
EVT-000653,ORDER-00453,dhl,581656805909,2026-09-24,label_created,2026-09-24 00:00:00
EVT-000654,ORDER-00453,usps,821283764094,2026-09-24,in_transit,2026-09-24 06:00:00
EVT-000655,ORDER-00454,fedex,924497991789,2026-07-09,label_created,2026-07-09 02:00:00
EVT-000656,ORDER-00454,ups,030586103411,2026-07-09,in_transit,2026-07-09 06:00:00
EVT-000657,ORDER-00455,ups,973328298314,2026-06-14,label_created,2026-06-14 00:00:00
EVT-000658,ORDER-00455,dhl,691184275816,2026-06-14,in_transit,2026-06-14 10:00:00
EVT-000659,ORDER-00456,dhl,590018329992,2026-09-09,label_created,2026-09-09 02:00:00
EVT-000660,ORDER-00456,fedex,179881857714,2026-09-09,in_transit,2026-09-09 08:00:00
EVT-000661,ORDER-00456,usps,857696468217,2026-09-09,out_for_delivery,2026-09-09 15:00:00
EVT-000662,ORDER-00457,fedex,958432610647,2026-06-15,label_created,2026-06-15 05:00:00
EVT-000663,ORDER-00457,dhl,137667954833,2026-06-15,in_transit,2026-06-15 06:00:00
EVT-000664,ORDER-00457,ups,645287266148,2026-06-15,out_for_delivery,2026-06-15 14:00:00
EVT-000665,ORDER-00458,ups,911299222876,2026-09-02,label_created,2026-09-02 02:00:00
EVT-000666,ORDER-00458,usps,783284024555,2026-09-02,in_transit,2026-09-02 11:00:00
EVT-000667,ORDER-00461,ups,491420978522,2026-06-16,label_created,2026-06-16 01:00:00
EVT-000668,ORDER-00462,dhl,625743152056,2026-06-26,label_created,2026-06-26 04:00:00
EVT-000669,ORDER-00464,dhl,223540883096,2026-07-20,label_created,2026-07-20 05:00:00
EVT-000670,ORDER-00465,usps,356627895841,2026-06-29,label_created,2026-06-29 04:00:00
EVT-000671,ORDER-00465,ups,201165185426,2026-06-29,in_transit,2026-06-29 11:00:00
EVT-000672,ORDER-00465,usps,134716694220,2026-06-29,out_for_delivery,2026-06-29 17:00:00
EVT-000673,ORDER-00466,ups,264365671332,2026-06-08,label_created,2026-06-08 04:00:00
EVT-000674,ORDER-00466,usps,446507000077,2026-06-08,in_transit,2026-06-08 07:00:00
EVT-000675,ORDER-00468,ups,807711132444,2026-09-11,label_created,2026-09-11 00:00:00
EVT-000676,ORDER-00468,usps,807128119266,2026-09-11,in_transit,2026-09-11 07:00:00
EVT-000677,ORDER-00469,fedex,661156053949,2026-08-23,label_created,2026-08-23 04:00:00
EVT-000678,ORDER-00469,ups,123193211920,2026-08-23,in_transit,2026-08-23 10:00:00
EVT-000679,ORDER-00470,ups,161637442479,2026-07-08,label_created,2026-07-08 02:00:00
EVT-000680,ORDER-00470,fedex,956484588047,2026-07-08,in_transit,2026-07-08 06:00:00
EVT-000681,ORDER-00471,fedex,715416068867,2026-09-10,label_created,2026-09-10 01:00:00
EVT-000682,ORDER-00471,fedex,313274119679,2026-09-10,in_transit,2026-09-10 08:00:00
EVT-000683,ORDER-00471,fedex,643316222011,2026-09-10,out_for_delivery,2026-09-10 12:00:00
EVT-000684,ORDER-00472,fedex,878348115903,2026-07-06,label_created,2026-07-06 00:00:00
EVT-000685,ORDER-00473,fedex,289954583308,2026-08-20,label_created,2026-08-20 02:00:00
EVT-000686,ORDER-00474,usps,676648682169,2026-06-28,label_created,2026-06-28 02:00:00
EVT-000687,ORDER-00474,ups,263814504924,2026-06-28,in_transit,2026-06-28 10:00:00
EVT-000688,ORDER-00475,fedex,138427323758,2026-07-01,label_created,2026-07-01 01:00:00
EVT-000689,ORDER-00475,usps,927661694970,2026-07-01,in_transit,2026-07-01 11:00:00
EVT-000690,ORDER-00475,dhl,736021292190,2026-07-01,out_for_delivery,2026-07-01 17:00:00
EVT-000691,ORDER-00476,fedex,844686207741,2026-08-16,label_created,2026-08-16 02:00:00
EVT-000692,ORDER-00476,ups,682288786409,2026-08-16,in_transit,2026-08-16 09:00:00
EVT-000693,ORDER-00477,dhl,867676700684,2026-09-05,label_created,2026-09-05 03:00:00
EVT-000694,ORDER-00479,usps,776785672956,2026-08-13,label_created,2026-08-13 02:00:00
EVT-000695,ORDER-00479,usps,953141395291,2026-08-13,in_transit,2026-08-13 09:00:00
EVT-000696,ORDER-00479,ups,423453171100,2026-08-13,out_for_delivery,2026-08-13 12:00:00
EVT-000697,ORDER-00480,ups,865151302196,2026-07-24,label_created,2026-07-24 02:00:00
EVT-000698,ORDER-00480,ups,697900918587,2026-07-24,in_transit,2026-07-24 08:00:00
EVT-000699,ORDER-00480,dhl,296121545894,2026-07-24,out_for_delivery,2026-07-24 17:00:00
EVT-000700,ORDER-00481,usps,649291888123,2026-08-28,label_created,2026-08-28 05:00:00
EVT-000701,ORDER-00481,fedex,714315358888,2026-08-28,in_transit,2026-08-28 08:00:00
EVT-000702,ORDER-00482,fedex,830333759265,2026-06-19,label_created,2026-06-19 00:00:00
EVT-000703,ORDER-00482,usps,347781009895,2026-06-19,in_transit,2026-06-19 09:00:00
EVT-000704,ORDER-00482,ups,537544034712,2026-06-19,out_for_delivery,2026-06-19 13:00:00
EVT-000705,ORDER-00483,dhl,825619945986,2026-05-28,label_created,2026-05-28 00:00:00
EVT-000706,ORDER-00486,dhl,927411243687,2026-06-25,label_created,2026-06-25 01:00:00
EVT-000707,ORDER-00486,dhl,207144253528,2026-06-25,in_transit,2026-06-25 07:00:00
EVT-000708,ORDER-00486,ups,310182705881,2026-06-25,out_for_delivery,2026-06-25 12:00:00
EVT-000709,ORDER-00487,fedex,950514376514,2026-07-30,label_created,2026-07-30 00:00:00
EVT-000710,ORDER-00489,dhl,468935969133,2026-09-11,label_created,2026-09-11 01:00:00
EVT-000711,ORDER-00489,dhl,771723617541,2026-09-11,in_transit,2026-09-11 07:00:00
EVT-000712,ORDER-00490,fedex,840836456005,2026-08-08,label_created,2026-08-08 00:00:00
EVT-000713,ORDER-00491,usps,575302570791,2026-06-22,label_created,2026-06-22 02:00:00
EVT-000714,ORDER-00491,ups,868460707739,2026-06-22,in_transit,2026-06-22 06:00:00
EVT-000715,ORDER-00491,fedex,038218478615,2026-06-22,out_for_delivery,2026-06-22 14:00:00
EVT-000716,ORDER-00492,ups,221153354044,2026-08-21,label_created,2026-08-21 02:00:00
EVT-000717,ORDER-00492,ups,266542892440,2026-08-21,in_transit,2026-08-21 10:00:00
EVT-000718,ORDER-00493,fedex,312412886074,2026-07-07,label_created,2026-07-07 01:00:00
EVT-000719,ORDER-00494,ups,787857125355,2026-08-30,label_created,2026-08-30 00:00:00
EVT-000720,ORDER-00495,ups,901640036511,2026-06-10,label_created,2026-06-10 05:00:00
EVT-000721,ORDER-00496,usps,625208776000,2026-07-04,label_created,2026-07-04 01:00:00
EVT-000722,ORDER-00498,usps,115943872521,2026-08-16,label_created,2026-08-16 03:00:00
EVT-000723,ORDER-00499,fedex,751503468696,2026-07-23,label_created,2026-07-23 00:00:00
EVT-000724,ORDER-00499,usps,133953824148,2026-07-23,in_transit,2026-07-23 07:00:00
EVT-000725,ORDER-00499,dhl,901700905884,2026-07-23,out_for_delivery,2026-07-23 13:00:00
EVT-000726,ORDER-00501,ups,292377853815,2026-07-31,label_created,2026-07-31 01:00:00
EVT-000727,ORDER-00501,fedex,271788808341,2026-07-31,in_transit,2026-07-31 11:00:00
EVT-000728,ORDER-00501,fedex,582599661350,2026-07-31,out_for_delivery,2026-07-31 16:00:00
EVT-000729,ORDER-00503,dhl,036383196208,2026-08-08,label_created,2026-08-08 03:00:00
EVT-000730,ORDER-00503,usps,394960873637,2026-08-08,in_transit,2026-08-08 11:00:00
EVT-000731,ORDER-00507,usps,604594720930,2026-07-11,label_created,2026-07-11 05:00:00
EVT-000732,ORDER-00509,ups,705707229347,2026-09-01,label_created,2026-09-01 05:00:00
EVT-000733,ORDER-00509,fedex,887757558133,2026-09-01,in_transit,2026-09-01 06:00:00
EVT-000734,ORDER-00509,fedex,742869058006,2026-09-01,out_for_delivery,2026-09-01 12:00:00
EVT-000735,ORDER-00510,ups,322266074718,2026-08-20,label_created,2026-08-20 00:00:00
EVT-000736,ORDER-00510,fedex,331117053813,2026-08-20,in_transit,2026-08-20 08:00:00
EVT-000737,ORDER-00511,usps,523299571592,2026-08-17,label_created,2026-08-17 05:00:00
EVT-000738,ORDER-00511,dhl,836813122344,2026-08-17,in_transit,2026-08-17 09:00:00
EVT-000739,ORDER-00511,fedex,865835890120,2026-08-17,out_for_delivery,2026-08-17 14:00:00
EVT-000740,ORDER-00513,usps,047162237722,2026-07-12,label_created,2026-07-12 04:00:00
EVT-000741,ORDER-00513,fedex,448800841941,2026-07-12,in_transit,2026-07-12 11:00:00
EVT-000742,ORDER-00513,dhl,528644470756,2026-07-12,out_for_delivery,2026-07-12 17:00:00
EVT-000743,ORDER-00515,dhl,953349450702,2026-09-02,label_created,2026-09-02 03:00:00
EVT-000744,ORDER-00520,fedex,916663749082,2026-07-26,label_created,2026-07-26 05:00:00
EVT-000745,ORDER-00520,fedex,220106718595,2026-07-26,in_transit,2026-07-26 07:00:00
EVT-000746,ORDER-00522,usps,735553522332,2026-06-15,label_created,2026-06-15 04:00:00
EVT-000747,ORDER-00522,dhl,375522353017,2026-06-15,in_transit,2026-06-15 08:00:00
EVT-000748,ORDER-00522,ups,584995119943,2026-06-15,out_for_delivery,2026-06-15 14:00:00
EVT-000749,ORDER-00524,usps,681173369499,2026-06-07,label_created,2026-06-07 04:00:00
EVT-000750,ORDER-00524,dhl,489310182145,2026-06-07,in_transit,2026-06-07 10:00:00
EVT-000751,ORDER-00525,ups,914786400263,2026-06-25,label_created,2026-06-25 01:00:00
EVT-000752,ORDER-00525,fedex,514740771588,2026-06-25,in_transit,2026-06-25 08:00:00
EVT-000753,ORDER-00526,ups,167653523392,2026-09-01,label_created,2026-09-01 03:00:00
EVT-000754,ORDER-00527,dhl,124339159712,2026-07-18,label_created,2026-07-18 03:00:00
EVT-000755,ORDER-00528,ups,660627729355,2026-06-18,label_created,2026-06-18 05:00:00
EVT-000756,ORDER-00528,usps,335768456320,2026-06-18,in_transit,2026-06-18 07:00:00
EVT-000757,ORDER-00528,ups,590503033160,2026-06-18,out_for_delivery,2026-06-18 12:00:00
EVT-000758,ORDER-00529,ups,737331702838,2026-07-23,label_created,2026-07-23 04:00:00
EVT-000759,ORDER-00529,usps,296290480123,2026-07-23,in_transit,2026-07-23 06:00:00
EVT-000760,ORDER-00530,fedex,634472712808,2026-07-12,label_created,2026-07-12 05:00:00
EVT-000761,ORDER-00532,ups,630525029737,2026-08-30,label_created,2026-08-30 00:00:00
EVT-000762,ORDER-00535,fedex,789526369512,2026-07-19,label_created,2026-07-19 05:00:00
EVT-000763,ORDER-00536,dhl,715194801519,2026-08-14,label_created,2026-08-14 02:00:00
EVT-000764,ORDER-00536,usps,929325311738,2026-08-14,in_transit,2026-08-14 09:00:00
EVT-000765,ORDER-00537,usps,694809600477,2026-06-21,label_created,2026-06-21 01:00:00
EVT-000766,ORDER-00539,ups,065501796282,2026-08-21,label_created,2026-08-21 05:00:00
EVT-000767,ORDER-00539,usps,747860491828,2026-08-21,in_transit,2026-08-21 10:00:00
EVT-000768,ORDER-00539,usps,291149723972,2026-08-21,out_for_delivery,2026-08-21 15:00:00
EVT-000769,ORDER-00540,ups,815162884572,2026-08-25,label_created,2026-08-25 00:00:00
EVT-000770,ORDER-00540,usps,269624811722,2026-08-25,in_transit,2026-08-25 09:00:00
EVT-000771,ORDER-00541,fedex,948428552554,2026-08-09,label_created,2026-08-09 04:00:00
EVT-000772,ORDER-00542,dhl,003923921518,2026-06-30,label_created,2026-06-30 01:00:00
EVT-000773,ORDER-00544,usps,881123525839,2026-07-14,label_created,2026-07-14 00:00:00
EVT-000774,ORDER-00545,ups,619596983454,2026-06-14,label_created,2026-06-14 00:00:00
EVT-000775,ORDER-00545,usps,768448037597,2026-06-14,in_transit,2026-06-14 09:00:00
EVT-000776,ORDER-00545,usps,615648371684,2026-06-14,out_for_delivery,2026-06-14 13:00:00
EVT-000777,ORDER-00546,ups,365020530856,2026-08-12,label_created,2026-08-12 01:00:00
EVT-000778,ORDER-00546,fedex,630984603668,2026-08-12,in_transit,2026-08-12 08:00:00
EVT-000779,ORDER-00547,ups,891767881349,2026-07-28,label_created,2026-07-28 03:00:00
EVT-000780,ORDER-00547,dhl,428459737622,2026-07-28,in_transit,2026-07-28 07:00:00
EVT-000781,ORDER-00547,usps,084795447681,2026-07-28,out_for_delivery,2026-07-28 13:00:00
EVT-000782,ORDER-00548,fedex,093158871650,2026-07-01,label_created,2026-07-01 00:00:00
EVT-000783,ORDER-00548,dhl,427949144972,2026-07-01,in_transit,2026-07-01 09:00:00
EVT-000784,ORDER-00549,ups,074503385362,2026-09-13,label_created,2026-09-13 01:00:00
EVT-000785,ORDER-00550,fedex,720336218001,2026-09-07,label_created,2026-09-07 04:00:00
EVT-000786,ORDER-00550,fedex,630270226159,2026-09-07,in_transit,2026-09-07 09:00:00
EVT-000787,ORDER-00550,fedex,472332156284,2026-09-07,out_for_delivery,2026-09-07 15:00:00
EVT-000788,ORDER-00551,ups,833678013808,2026-08-01,label_created,2026-08-01 02:00:00
EVT-000789,ORDER-00551,dhl,791865728925,2026-08-01,in_transit,2026-08-01 10:00:00
EVT-000790,ORDER-00552,ups,174319443970,2026-07-23,label_created,2026-07-23 00:00:00
EVT-000791,ORDER-00552,dhl,460550135098,2026-07-23,in_transit,2026-07-23 08:00:00
EVT-000792,ORDER-00553,ups,643414701956,2026-07-26,label_created,2026-07-26 02:00:00
EVT-000793,ORDER-00554,fedex,773142558242,2026-09-24,label_created,2026-09-24 00:00:00
EVT-000794,ORDER-00555,dhl,159218576078,2026-09-08,label_created,2026-09-08 05:00:00
EVT-000795,ORDER-00555,ups,453945629565,2026-09-08,in_transit,2026-09-08 08:00:00
EVT-000796,ORDER-00555,dhl,160230137149,2026-09-08,out_for_delivery,2026-09-08 16:00:00
EVT-000797,ORDER-00556,usps,228790213708,2026-09-10,label_created,2026-09-10 01:00:00
EVT-000798,ORDER-00556,usps,632775924580,2026-09-10,in_transit,2026-09-10 09:00:00
EVT-000799,ORDER-00559,ups,659353275136,2026-09-14,label_created,2026-09-14 01:00:00
EVT-000800,ORDER-00561,usps,879462028779,2026-05-30,label_created,2026-05-30 01:00:00
EVT-000801,ORDER-00565,ups,172388521641,2026-06-28,label_created,2026-06-28 05:00:00
EVT-000802,ORDER-00566,fedex,823999317150,2026-06-22,label_created,2026-06-22 00:00:00
EVT-000803,ORDER-00566,usps,516063455388,2026-06-22,in_transit,2026-06-22 10:00:00
EVT-000804,ORDER-00567,usps,562578380914,2026-06-04,label_created,2026-06-04 04:00:00
EVT-000805,ORDER-00570,dhl,656272619770,2026-07-18,label_created,2026-07-18 01:00:00
EVT-000806,ORDER-00571,usps,248057709525,2026-09-20,label_created,2026-09-20 03:00:00
EVT-000807,ORDER-00571,usps,330265578858,2026-09-20,in_transit,2026-09-20 11:00:00
EVT-000808,ORDER-00571,dhl,903721265825,2026-09-20,out_for_delivery,2026-09-20 16:00:00
EVT-000809,ORDER-00572,dhl,143549674304,2026-09-17,label_created,2026-09-17 02:00:00
EVT-000810,ORDER-00572,usps,481464722226,2026-09-17,in_transit,2026-09-17 07:00:00
EVT-000811,ORDER-00574,dhl,636123126086,2026-07-27,label_created,2026-07-27 04:00:00
EVT-000812,ORDER-00575,ups,315226411643,2026-09-11,label_created,2026-09-11 01:00:00
EVT-000813,ORDER-00576,dhl,928192573656,2026-09-19,label_created,2026-09-19 05:00:00
EVT-000814,ORDER-00576,fedex,705006838790,2026-09-19,in_transit,2026-09-19 06:00:00
EVT-000815,ORDER-00577,ups,087357056816,2026-07-18,label_created,2026-07-18 05:00:00
EVT-000816,ORDER-00577,usps,531344140472,2026-07-18,in_transit,2026-07-18 11:00:00
EVT-000817,ORDER-00579,fedex,874597426585,2026-08-27,label_created,2026-08-27 03:00:00
EVT-000818,ORDER-00579,ups,990438083099,2026-08-27,in_transit,2026-08-27 07:00:00
EVT-000819,ORDER-00579,usps,532562668658,2026-08-27,out_for_delivery,2026-08-27 16:00:00
EVT-000820,ORDER-00580,fedex,788137996238,2026-07-03,label_created,2026-07-03 00:00:00
EVT-000821,ORDER-00580,dhl,499167603881,2026-07-03,in_transit,2026-07-03 08:00:00
EVT-000822,ORDER-00580,dhl,179400015656,2026-07-03,out_for_delivery,2026-07-03 12:00:00
EVT-000823,ORDER-00581,usps,557917307145,2026-07-05,label_created,2026-07-05 02:00:00
EVT-000824,ORDER-00583,ups,963316107943,2026-09-07,label_created,2026-09-07 03:00:00
EVT-000825,ORDER-00584,usps,867745631964,2026-08-31,label_created,2026-08-31 04:00:00
EVT-000826,ORDER-00584,usps,059289929032,2026-08-31,in_transit,2026-08-31 08:00:00
EVT-000827,ORDER-00586,dhl,870486497637,2026-06-17,label_created,2026-06-17 03:00:00
EVT-000828,ORDER-00587,fedex,763566436223,2026-06-14,label_created,2026-06-14 01:00:00
EVT-000829,ORDER-00587,ups,285105905838,2026-06-14,in_transit,2026-06-14 06:00:00
EVT-000830,ORDER-00587,ups,692244596454,2026-06-14,out_for_delivery,2026-06-14 17:00:00
EVT-000831,ORDER-00588,fedex,548704639218,2026-07-02,label_created,2026-07-02 02:00:00
EVT-000832,ORDER-00589,usps,133205209768,2026-06-24,label_created,2026-06-24 04:00:00
EVT-000833,ORDER-00589,dhl,662290666040,2026-06-24,in_transit,2026-06-24 08:00:00
EVT-000834,ORDER-00590,usps,498072114114,2026-06-14,label_created,2026-06-14 02:00:00
EVT-000835,ORDER-00590,usps,802507282926,2026-06-14,in_transit,2026-06-14 06:00:00
EVT-000836,ORDER-00590,usps,838191609849,2026-06-14,out_for_delivery,2026-06-14 14:00:00
EVT-000837,ORDER-00591,usps,364671518124,2026-08-15,label_created,2026-08-15 01:00:00
EVT-000838,ORDER-00593,ups,026941744360,2026-09-01,label_created,2026-09-01 04:00:00
EVT-000839,ORDER-00593,ups,341768962715,2026-09-01,in_transit,2026-09-01 07:00:00
EVT-000840,ORDER-00593,fedex,994287627035,2026-09-01,out_for_delivery,2026-09-01 15:00:00
EVT-000841,ORDER-00594,fedex,153531585096,2026-08-07,label_created,2026-08-07 05:00:00
EVT-000842,ORDER-00594,dhl,331586063131,2026-08-07,in_transit,2026-08-07 09:00:00
EVT-000843,ORDER-00594,fedex,170770095232,2026-08-07,out_for_delivery,2026-08-07 17:00:00
EVT-000844,ORDER-00595,dhl,183389238064,2026-08-18,label_created,2026-08-18 02:00:00
EVT-000845,ORDER-00595,ups,971452529915,2026-08-18,in_transit,2026-08-18 07:00:00
EVT-000846,ORDER-00597,dhl,739796200125,2026-07-24,label_created,2026-07-24 00:00:00
EVT-000847,ORDER-00598,fedex,739469432567,2026-07-19,label_created,2026-07-19 03:00:00
EVT-000848,ORDER-00598,usps,128879063398,2026-07-19,in_transit,2026-07-19 08:00:00
EVT-000849,ORDER-00599,usps,840187488420,2026-06-21,label_created,2026-06-21 02:00:00
EVT-000850,ORDER-00599,dhl,290506311683,2026-06-21,in_transit,2026-06-21 06:00:00
EVT-000851,ORDER-00599,ups,175110936959,2026-06-21,out_for_delivery,2026-06-21 16:00:00
EVT-000852,ORDER-00601,dhl,937945960428,2026-07-05,label_created,2026-07-05 01:00:00
EVT-000853,ORDER-00601,dhl,805665836109,2026-07-05,in_transit,2026-07-05 11:00:00
EVT-000854,ORDER-00601,ups,645853190326,2026-07-05,out_for_delivery,2026-07-05 15:00:00
EVT-000855,ORDER-00602,usps,417023887858,2026-09-07,label_created,2026-09-07 04:00:00
EVT-000856,ORDER-00602,usps,226867979502,2026-09-07,in_transit,2026-09-07 07:00:00
EVT-000857,ORDER-00602,usps,968297778801,2026-09-07,out_for_delivery,2026-09-07 13:00:00
EVT-000858,ORDER-00603,dhl,151879172525,2026-05-31,label_created,2026-05-31 04:00:00
EVT-000859,ORDER-00603,usps,421725502880,2026-05-31,in_transit,2026-05-31 09:00:00
EVT-000860,ORDER-00603,dhl,663027219700,2026-05-31,out_for_delivery,2026-05-31 16:00:00
EVT-000861,ORDER-00605,usps,671219971912,2026-09-19,label_created,2026-09-19 03:00:00
EVT-000862,ORDER-00605,dhl,928389524066,2026-09-19,in_transit,2026-09-19 10:00:00
EVT-000863,ORDER-00605,fedex,911099751618,2026-09-19,out_for_delivery,2026-09-19 12:00:00
EVT-000864,ORDER-00606,ups,816494198911,2026-07-21,label_created,2026-07-21 03:00:00
EVT-000865,ORDER-00606,fedex,274569743572,2026-07-21,in_transit,2026-07-21 08:00:00
EVT-000866,ORDER-00606,ups,120734098324,2026-07-21,out_for_delivery,2026-07-21 15:00:00
EVT-000867,ORDER-00607,fedex,687774687248,2026-09-02,label_created,2026-09-02 03:00:00
EVT-000868,ORDER-00608,dhl,439240483160,2026-08-22,label_created,2026-08-22 04:00:00
EVT-000869,ORDER-00609,fedex,795230362425,2026-08-06,label_created,2026-08-06 05:00:00
EVT-000870,ORDER-00609,dhl,888084481583,2026-08-06,in_transit,2026-08-06 09:00:00
EVT-000871,ORDER-00609,fedex,600090642300,2026-08-06,out_for_delivery,2026-08-06 14:00:00
EVT-000872,ORDER-00610,ups,661130047078,2026-09-01,label_created,2026-09-01 00:00:00
EVT-000873,ORDER-00610,ups,754357906435,2026-09-01,in_transit,2026-09-01 10:00:00
EVT-000874,ORDER-00611,ups,720754780502,2026-07-03,label_created,2026-07-03 03:00:00
EVT-000875,ORDER-00611,fedex,637878549417,2026-07-03,in_transit,2026-07-03 09:00:00
EVT-000876,ORDER-00611,fedex,738401166717,2026-07-03,out_for_delivery,2026-07-03 13:00:00
EVT-000877,ORDER-00612,dhl,270658456633,2026-09-14,label_created,2026-09-14 01:00:00
EVT-000878,ORDER-00612,ups,405612317771,2026-09-14,in_transit,2026-09-14 09:00:00
EVT-000879,ORDER-00613,fedex,323103588336,2026-06-16,label_created,2026-06-16 05:00:00
EVT-000880,ORDER-00613,ups,052504367851,2026-06-16,in_transit,2026-06-16 07:00:00
EVT-000881,ORDER-00613,usps,613550718494,2026-06-16,out_for_delivery,2026-06-16 16:00:00
EVT-000882,ORDER-00618,ups,957620287883,2026-08-21,label_created,2026-08-21 04:00:00
EVT-000883,ORDER-00618,fedex,680451413125,2026-08-21,in_transit,2026-08-21 10:00:00
EVT-000884,ORDER-00619,fedex,541410684909,2026-09-02,label_created,2026-09-02 02:00:00
EVT-000885,ORDER-00619,usps,214450689631,2026-09-02,in_transit,2026-09-02 07:00:00
EVT-000886,ORDER-00620,fedex,426273538712,2026-09-12,label_created,2026-09-12 00:00:00
EVT-000887,ORDER-00620,ups,870688690354,2026-09-12,in_transit,2026-09-12 10:00:00
EVT-000888,ORDER-00622,usps,170734359871,2026-09-20,label_created,2026-09-20 00:00:00
EVT-000889,ORDER-00623,fedex,816970800262,2026-07-10,label_created,2026-07-10 03:00:00
EVT-000890,ORDER-00623,ups,842465977608,2026-07-10,in_transit,2026-07-10 09:00:00
EVT-000891,ORDER-00623,dhl,753928370539,2026-07-10,out_for_delivery,2026-07-10 15:00:00
EVT-000892,ORDER-00624,fedex,161644102665,2026-09-18,label_created,2026-09-18 00:00:00
EVT-000893,ORDER-00624,usps,204096983139,2026-09-18,in_transit,2026-09-18 06:00:00
EVT-000894,ORDER-00624,fedex,611060494400,2026-09-18,out_for_delivery,2026-09-18 12:00:00
EVT-000895,ORDER-00626,dhl,230272616755,2026-06-07,label_created,2026-06-07 03:00:00
EVT-000896,ORDER-00626,fedex,188863955037,2026-06-07,in_transit,2026-06-07 08:00:00
EVT-000897,ORDER-00626,usps,461209724241,2026-06-07,out_for_delivery,2026-06-07 15:00:00
EVT-000898,ORDER-00627,ups,521360969832,2026-09-15,label_created,2026-09-15 00:00:00
EVT-000899,ORDER-00627,dhl,325064454020,2026-09-15,in_transit,2026-09-15 11:00:00
EVT-000900,ORDER-00628,fedex,311459532277,2026-06-28,label_created,2026-06-28 01:00:00
EVT-000901,ORDER-00629,usps,547332256947,2026-07-07,label_created,2026-07-07 04:00:00
EVT-000902,ORDER-00629,ups,846754645046,2026-07-07,in_transit,2026-07-07 08:00:00
EVT-000903,ORDER-00630,fedex,578359574105,2026-06-05,label_created,2026-06-05 02:00:00
EVT-000904,ORDER-00630,fedex,183811176310,2026-06-05,in_transit,2026-06-05 10:00:00
EVT-000905,ORDER-00631,usps,597793245343,2026-07-04,label_created,2026-07-04 04:00:00
EVT-000906,ORDER-00631,usps,594777813718,2026-07-04,in_transit,2026-07-04 07:00:00
EVT-000907,ORDER-00632,dhl,043557410512,2026-07-01,label_created,2026-07-01 02:00:00
EVT-000908,ORDER-00633,usps,600971679123,2026-08-22,label_created,2026-08-22 00:00:00
EVT-000909,ORDER-00633,ups,119002006287,2026-08-22,in_transit,2026-08-22 11:00:00
EVT-000910,ORDER-00633,dhl,473748929375,2026-08-22,out_for_delivery,2026-08-22 14:00:00
EVT-000911,ORDER-00634,dhl,755335501242,2026-06-06,label_created,2026-06-06 04:00:00
EVT-000912,ORDER-00634,dhl,518345697135,2026-06-06,in_transit,2026-06-06 09:00:00
EVT-000913,ORDER-00634,dhl,146824296000,2026-06-06,out_for_delivery,2026-06-06 16:00:00
EVT-000914,ORDER-00635,dhl,434596705977,2026-06-08,label_created,2026-06-08 01:00:00
EVT-000915,ORDER-00635,ups,059770415207,2026-06-08,in_transit,2026-06-08 08:00:00
EVT-000916,ORDER-00636,dhl,855631420400,2026-08-03,label_created,2026-08-03 04:00:00
EVT-000917,ORDER-00636,fedex,759291443745,2026-08-03,in_transit,2026-08-03 07:00:00
EVT-000918,ORDER-00637,usps,330174702740,2026-09-15,label_created,2026-09-15 01:00:00
EVT-000919,ORDER-00638,ups,177976005420,2026-07-22,label_created,2026-07-22 01:00:00
EVT-000920,ORDER-00638,usps,216287246254,2026-07-22,in_transit,2026-07-22 09:00:00
EVT-000921,ORDER-00640,dhl,623338499456,2026-09-01,label_created,2026-09-01 00:00:00
EVT-000922,ORDER-00640,usps,833309717783,2026-09-01,in_transit,2026-09-01 10:00:00
EVT-000923,ORDER-00641,dhl,224180507904,2026-07-21,label_created,2026-07-21 02:00:00
EVT-000924,ORDER-00641,ups,450236125768,2026-07-21,in_transit,2026-07-21 10:00:00
EVT-000925,ORDER-00643,dhl,275628409290,2026-06-10,label_created,2026-06-10 05:00:00
EVT-000926,ORDER-00644,fedex,341517683591,2026-07-06,label_created,2026-07-06 01:00:00
EVT-000927,ORDER-00644,ups,049512548941,2026-07-06,in_transit,2026-07-06 11:00:00
EVT-000928,ORDER-00646,fedex,777004772169,2026-07-03,label_created,2026-07-03 02:00:00
EVT-000929,ORDER-00646,fedex,213078445316,2026-07-03,in_transit,2026-07-03 08:00:00
EVT-000930,ORDER-00649,dhl,202486182751,2026-08-28,label_created,2026-08-28 03:00:00
EVT-000931,ORDER-00649,dhl,903932359419,2026-08-28,in_transit,2026-08-28 08:00:00
EVT-000932,ORDER-00649,fedex,258688205603,2026-08-28,out_for_delivery,2026-08-28 17:00:00
EVT-000933,ORDER-00650,fedex,106186417430,2026-07-25,label_created,2026-07-25 00:00:00
EVT-000934,ORDER-00651,fedex,450138480373,2026-07-27,label_created,2026-07-27 01:00:00
EVT-000935,ORDER-00651,usps,446166159774,2026-07-27,in_transit,2026-07-27 07:00:00
EVT-000936,ORDER-00652,ups,587538268002,2026-05-31,label_created,2026-05-31 01:00:00
EVT-000937,ORDER-00652,fedex,596554942465,2026-05-31,in_transit,2026-05-31 10:00:00
EVT-000938,ORDER-00652,dhl,746918165100,2026-05-31,out_for_delivery,2026-05-31 15:00:00
EVT-000939,ORDER-00653,usps,692811150990,2026-09-09,label_created,2026-09-09 03:00:00
EVT-000940,ORDER-00653,ups,973367006459,2026-09-09,in_transit,2026-09-09 11:00:00
EVT-000941,ORDER-00653,dhl,523302917364,2026-09-09,out_for_delivery,2026-09-09 12:00:00
EVT-000942,ORDER-00654,ups,507063725220,2026-09-25,label_created,2026-09-25 02:00:00
EVT-000943,ORDER-00655,ups,671537657274,2026-05-30,label_created,2026-05-30 00:00:00
EVT-000944,ORDER-00655,dhl,563055911078,2026-05-30,in_transit,2026-05-30 07:00:00
EVT-000945,ORDER-00655,ups,076535523880,2026-05-30,out_for_delivery,2026-05-30 17:00:00
EVT-000946,ORDER-00657,usps,079786183438,2026-06-17,label_created,2026-06-17 05:00:00
EVT-000947,ORDER-00660,dhl,218794149571,2026-06-17,label_created,2026-06-17 05:00:00
EVT-000948,ORDER-00662,dhl,187514967655,2026-08-28,label_created,2026-08-28 02:00:00
EVT-000949,ORDER-00662,usps,575352127087,2026-08-28,in_transit,2026-08-28 06:00:00
EVT-000950,ORDER-00663,ups,588040822274,2026-08-03,label_created,2026-08-03 00:00:00
EVT-000951,ORDER-00663,ups,521590258574,2026-08-03,in_transit,2026-08-03 09:00:00
EVT-000952,ORDER-00664,fedex,236152517781,2026-08-03,label_created,2026-08-03 05:00:00
EVT-000953,ORDER-00664,fedex,893311624263,2026-08-03,in_transit,2026-08-03 10:00:00
EVT-000954,ORDER-00665,ups,717575940707,2026-07-02,label_created,2026-07-02 02:00:00
EVT-000955,ORDER-00665,dhl,578263069355,2026-07-02,in_transit,2026-07-02 11:00:00
EVT-000956,ORDER-00667,usps,188515636719,2026-08-13,label_created,2026-08-13 00:00:00
EVT-000957,ORDER-00667,fedex,193670585178,2026-08-13,in_transit,2026-08-13 11:00:00
EVT-000958,ORDER-00667,ups,013204421162,2026-08-13,out_for_delivery,2026-08-13 15:00:00
EVT-000959,ORDER-00668,fedex,596408693183,2026-09-24,label_created,2026-09-24 05:00:00
EVT-000960,ORDER-00668,ups,454289775500,2026-09-24,in_transit,2026-09-24 08:00:00
EVT-000961,ORDER-00669,fedex,674828325211,2026-06-16,label_created,2026-06-16 03:00:00
EVT-000962,ORDER-00669,usps,191246629880,2026-06-16,in_transit,2026-06-16 11:00:00
EVT-000963,ORDER-00670,usps,785589175805,2026-06-18,label_created,2026-06-18 01:00:00
EVT-000964,ORDER-00671,usps,566618343323,2026-08-18,label_created,2026-08-18 01:00:00
EVT-000965,ORDER-00674,usps,827168730348,2026-09-08,label_created,2026-09-08 01:00:00
EVT-000966,ORDER-00674,ups,988078164600,2026-09-08,in_transit,2026-09-08 09:00:00
EVT-000967,ORDER-00674,fedex,840163834029,2026-09-08,out_for_delivery,2026-09-08 13:00:00
EVT-000968,ORDER-00675,ups,478812833085,2026-09-15,label_created,2026-09-15 01:00:00
EVT-000969,ORDER-00675,dhl,519643092622,2026-09-15,in_transit,2026-09-15 10:00:00
EVT-000970,ORDER-00675,usps,829548456544,2026-09-15,out_for_delivery,2026-09-15 15:00:00
EVT-000971,ORDER-00676,fedex,502670835367,2026-08-24,label_created,2026-08-24 02:00:00
EVT-000972,ORDER-00676,ups,190512222011,2026-08-24,in_transit,2026-08-24 06:00:00
EVT-000973,ORDER-00676,dhl,661896456902,2026-08-24,out_for_delivery,2026-08-24 16:00:00
EVT-000974,ORDER-00679,fedex,061165732563,2026-07-12,label_created,2026-07-12 05:00:00
EVT-000975,ORDER-00679,fedex,389042621113,2026-07-12,in_transit,2026-07-12 08:00:00
EVT-000976,ORDER-00679,usps,340050327125,2026-07-12,out_for_delivery,2026-07-12 15:00:00
EVT-000977,ORDER-00681,dhl,006484196154,2026-09-03,label_created,2026-09-03 02:00:00
EVT-000978,ORDER-00681,usps,407371924958,2026-09-03,in_transit,2026-09-03 10:00:00
EVT-000979,ORDER-00682,ups,612847062993,2026-09-13,label_created,2026-09-13 04:00:00
EVT-000980,ORDER-00683,fedex,310579087512,2026-07-12,label_created,2026-07-12 00:00:00
EVT-000981,ORDER-00684,fedex,257976126220,2026-06-27,label_created,2026-06-27 04:00:00
EVT-000982,ORDER-00684,ups,484664886541,2026-06-27,in_transit,2026-06-27 11:00:00
EVT-000983,ORDER-00684,usps,911533909080,2026-06-27,out_for_delivery,2026-06-27 15:00:00
EVT-000984,ORDER-00685,ups,361659573544,2026-09-14,label_created,2026-09-14 02:00:00
EVT-000985,ORDER-00686,usps,442892038624,2026-06-25,label_created,2026-06-25 01:00:00
EVT-000986,ORDER-00686,dhl,745812011343,2026-06-25,in_transit,2026-06-25 07:00:00
EVT-000987,ORDER-00686,usps,830243190454,2026-06-25,out_for_delivery,2026-06-25 13:00:00
EVT-000988,ORDER-00687,fedex,043989653568,2026-09-08,label_created,2026-09-08 02:00:00
EVT-000989,ORDER-00687,usps,324334382018,2026-09-08,in_transit,2026-09-08 06:00:00
EVT-000990,ORDER-00688,dhl,015984676373,2026-09-08,label_created,2026-09-08 00:00:00
EVT-000991,ORDER-00688,usps,171408550998,2026-09-08,in_transit,2026-09-08 07:00:00
EVT-000992,ORDER-00688,dhl,994057251163,2026-09-08,out_for_delivery,2026-09-08 14:00:00
EVT-000993,ORDER-00692,dhl,438801808233,2026-07-21,label_created,2026-07-21 05:00:00
EVT-000994,ORDER-00692,fedex,275060914578,2026-07-21,in_transit,2026-07-21 11:00:00
EVT-000995,ORDER-00695,usps,874972321967,2026-07-28,label_created,2026-07-28 01:00:00
EVT-000996,ORDER-00695,fedex,254081880550,2026-07-28,in_transit,2026-07-28 09:00:00
EVT-000997,ORDER-00696,usps,487461385743,2026-09-11,label_created,2026-09-11 05:00:00
EVT-000998,ORDER-00696,usps,061546497904,2026-09-11,in_transit,2026-09-11 06:00:00
EVT-000999,ORDER-00696,dhl,436116250714,2026-09-11,out_for_delivery,2026-09-11 12:00:00
EVT-001000,ORDER-00698,usps,083343945928,2026-08-02,label_created,2026-08-02 03:00:00
EVT-001001,ORDER-00698,dhl,387361276953,2026-08-02,in_transit,2026-08-02 08:00:00
EVT-001002,ORDER-00699,usps,463675708700,2026-07-17,label_created,2026-07-17 03:00:00
EVT-001003,ORDER-00699,dhl,967428397572,2026-07-17,in_transit,2026-07-17 10:00:00
EVT-001004,ORDER-00699,fedex,880749879556,2026-07-17,out_for_delivery,2026-07-17 13:00:00
EVT-001005,ORDER-00700,dhl,316526177420,2026-07-25,label_created,2026-07-25 02:00:00
EVT-001006,ORDER-00700,ups,325153034664,2026-07-25,in_transit,2026-07-25 11:00:00
EVT-001007,ORDER-00702,fedex,608158586089,2026-06-30,label_created,2026-06-30 02:00:00
EVT-001008,ORDER-00702,ups,022480746289,2026-06-30,in_transit,2026-06-30 06:00:00
EVT-001009,ORDER-00702,dhl,860932577318,2026-06-30,out_for_delivery,2026-06-30 16:00:00
EVT-001010,ORDER-00704,ups,620967217609,2026-08-22,label_created,2026-08-22 01:00:00
EVT-001011,ORDER-00705,usps,132346523151,2026-08-01,label_created,2026-08-01 00:00:00
EVT-001012,ORDER-00705,fedex,227274844417,2026-08-01,in_transit,2026-08-01 11:00:00
EVT-001013,ORDER-00705,usps,154614058854,2026-08-01,out_for_delivery,2026-08-01 16:00:00
EVT-001014,ORDER-00706,dhl,295953692171,2026-07-19,label_created,2026-07-19 04:00:00
EVT-001015,ORDER-00707,dhl,138754702784,2026-06-15,label_created,2026-06-15 05:00:00
EVT-001016,ORDER-00709,dhl,345058623562,2026-06-22,label_created,2026-06-22 01:00:00
EVT-001017,ORDER-00709,dhl,275377537251,2026-06-22,in_transit,2026-06-22 09:00:00
EVT-001018,ORDER-00710,ups,743249756896,2026-08-25,label_created,2026-08-25 03:00:00
EVT-001019,ORDER-00711,fedex,713912397926,2026-07-14,label_created,2026-07-14 00:00:00
EVT-001020,ORDER-00711,ups,630745938791,2026-07-14,in_transit,2026-07-14 09:00:00
EVT-001021,ORDER-00712,usps,393508496513,2026-09-21,label_created,2026-09-21 01:00:00
EVT-001022,ORDER-00712,fedex,082446735791,2026-09-21,in_transit,2026-09-21 06:00:00
EVT-001023,ORDER-00712,fedex,759622702962,2026-09-21,out_for_delivery,2026-09-21 16:00:00
EVT-001024,ORDER-00713,usps,086085281511,2026-09-05,label_created,2026-09-05 03:00:00
EVT-001025,ORDER-00713,usps,277714766934,2026-09-05,in_transit,2026-09-05 11:00:00
EVT-001026,ORDER-00713,usps,494624765564,2026-09-05,out_for_delivery,2026-09-05 14:00:00
EVT-001027,ORDER-00714,dhl,863101524826,2026-06-18,label_created,2026-06-18 00:00:00
EVT-001028,ORDER-00716,ups,058489339607,2026-07-02,label_created,2026-07-02 01:00:00
EVT-001029,ORDER-00718,ups,981648336796,2026-07-11,label_created,2026-07-11 03:00:00
EVT-001030,ORDER-00718,fedex,408080667225,2026-07-11,in_transit,2026-07-11 08:00:00
EVT-001031,ORDER-00718,fedex,831300976203,2026-07-11,out_for_delivery,2026-07-11 15:00:00
EVT-001032,ORDER-00719,ups,029698713297,2026-08-25,label_created,2026-08-25 00:00:00
EVT-001033,ORDER-00719,fedex,102111318199,2026-08-25,in_transit,2026-08-25 10:00:00
EVT-001034,ORDER-00719,ups,236186984438,2026-08-25,out_for_delivery,2026-08-25 14:00:00
EVT-001035,ORDER-00720,ups,179081564837,2026-06-22,label_created,2026-06-22 05:00:00
EVT-001036,ORDER-00720,fedex,805271352445,2026-06-22,in_transit,2026-06-22 11:00:00
EVT-001037,ORDER-00721,dhl,700438307663,2026-06-10,label_created,2026-06-10 00:00:00
EVT-001038,ORDER-00722,usps,825573785748,2026-08-15,label_created,2026-08-15 01:00:00
EVT-001039,ORDER-00722,dhl,727445773245,2026-08-15,in_transit,2026-08-15 08:00:00
EVT-001040,ORDER-00722,dhl,895318842218,2026-08-15,out_for_delivery,2026-08-15 12:00:00
EVT-001041,ORDER-00723,ups,046602225128,2026-07-11,label_created,2026-07-11 03:00:00
EVT-001042,ORDER-00723,dhl,319136344177,2026-07-11,in_transit,2026-07-11 06:00:00
EVT-001043,ORDER-00724,dhl,597823085425,2026-06-02,label_created,2026-06-02 03:00:00
EVT-001044,ORDER-00725,dhl,684439267678,2026-08-23,label_created,2026-08-23 05:00:00
EVT-001045,ORDER-00725,fedex,082011083740,2026-08-23,in_transit,2026-08-23 10:00:00
EVT-001046,ORDER-00726,fedex,007895683745,2026-09-15,label_created,2026-09-15 05:00:00
EVT-001047,ORDER-00727,usps,027133373993,2026-06-20,label_created,2026-06-20 05:00:00
EVT-001048,ORDER-00728,usps,346725107648,2026-06-26,label_created,2026-06-26 00:00:00
EVT-001049,ORDER-00731,ups,972064845079,2026-06-06,label_created,2026-06-06 04:00:00
EVT-001050,ORDER-00731,fedex,460248410276,2026-06-06,in_transit,2026-06-06 07:00:00
EVT-001051,ORDER-00732,dhl,440648595281,2026-09-05,label_created,2026-09-05 03:00:00
EVT-001052,ORDER-00732,dhl,584141060831,2026-09-05,in_transit,2026-09-05 07:00:00
EVT-001053,ORDER-00733,ups,267886680627,2026-07-27,label_created,2026-07-27 00:00:00
EVT-001054,ORDER-00733,fedex,167103273649,2026-07-27,in_transit,2026-07-27 11:00:00
EVT-001055,ORDER-00733,dhl,972658545344,2026-07-27,out_for_delivery,2026-07-27 13:00:00
EVT-001056,ORDER-00734,usps,774134043602,2026-08-10,label_created,2026-08-10 05:00:00
EVT-001057,ORDER-00734,ups,777669019163,2026-08-10,in_transit,2026-08-10 06:00:00
EVT-001058,ORDER-00734,dhl,535430106502,2026-08-10,out_for_delivery,2026-08-10 15:00:00
EVT-001059,ORDER-00735,ups,097507273397,2026-09-18,label_created,2026-09-18 03:00:00
EVT-001060,ORDER-00736,ups,504626050776,2026-07-03,label_created,2026-07-03 04:00:00
EVT-001061,ORDER-00736,ups,442458785304,2026-07-03,in_transit,2026-07-03 09:00:00
EVT-001062,ORDER-00736,ups,721954883754,2026-07-03,out_for_delivery,2026-07-03 16:00:00
EVT-001063,ORDER-00737,usps,814421243356,2026-06-30,label_created,2026-06-30 04:00:00
EVT-001064,ORDER-00737,ups,515430279225,2026-06-30,in_transit,2026-06-30 09:00:00
EVT-001065,ORDER-00737,fedex,751887082167,2026-06-30,out_for_delivery,2026-06-30 13:00:00
EVT-001066,ORDER-00738,dhl,165419755498,2026-07-01,label_created,2026-07-01 03:00:00
EVT-001067,ORDER-00738,dhl,165429307742,2026-07-01,in_transit,2026-07-01 09:00:00
EVT-001068,ORDER-00738,dhl,779745023210,2026-07-01,out_for_delivery,2026-07-01 17:00:00
EVT-001069,ORDER-00739,dhl,374811362060,2026-06-25,label_created,2026-06-25 01:00:00
EVT-001070,ORDER-00739,usps,962733088823,2026-06-25,in_transit,2026-06-25 07:00:00
EVT-001071,ORDER-00739,ups,777624872378,2026-06-25,out_for_delivery,2026-06-25 17:00:00
EVT-001072,ORDER-00740,dhl,982657400109,2026-09-21,label_created,2026-09-21 03:00:00
EVT-001073,ORDER-00740,fedex,591645014341,2026-09-21,in_transit,2026-09-21 08:00:00
EVT-001074,ORDER-00740,usps,839024240871,2026-09-21,out_for_delivery,2026-09-21 16:00:00
EVT-001075,ORDER-00742,dhl,766069137431,2026-07-03,label_created,2026-07-03 04:00:00
EVT-001076,ORDER-00742,fedex,415850286507,2026-07-03,in_transit,2026-07-03 11:00:00
EVT-001077,ORDER-00743,fedex,599079817651,2026-08-18,label_created,2026-08-18 02:00:00
EVT-001078,ORDER-00743,ups,529950409190,2026-08-18,in_transit,2026-08-18 09:00:00
EVT-001079,ORDER-00744,dhl,439030848030,2026-06-18,label_created,2026-06-18 05:00:00
EVT-001080,ORDER-00744,ups,061197735277,2026-06-18,in_transit,2026-06-18 10:00:00
EVT-001081,ORDER-00745,usps,958139159688,2026-06-18,label_created,2026-06-18 04:00:00
EVT-001082,ORDER-00745,ups,051757555841,2026-06-18,in_transit,2026-06-18 07:00:00
EVT-001083,ORDER-00745,dhl,124752620455,2026-06-18,out_for_delivery,2026-06-18 13:00:00
EVT-001084,ORDER-00747,fedex,340973592193,2026-08-13,label_created,2026-08-13 00:00:00
EVT-001085,ORDER-00748,fedex,450554388470,2026-07-31,label_created,2026-07-31 02:00:00
EVT-001086,ORDER-00750,ups,774069162391,2026-08-16,label_created,2026-08-16 05:00:00
EVT-001087,ORDER-00751,ups,408741212805,2026-08-09,label_created,2026-08-09 03:00:00
EVT-001088,ORDER-00752,dhl,083822024373,2026-08-06,label_created,2026-08-06 03:00:00
EVT-001089,ORDER-00753,fedex,845024032274,2026-06-18,label_created,2026-06-18 05:00:00
EVT-001090,ORDER-00754,usps,226664905684,2026-06-25,label_created,2026-06-25 01:00:00
EVT-001091,ORDER-00754,ups,108133578614,2026-06-25,in_transit,2026-06-25 10:00:00
EVT-001092,ORDER-00755,ups,457086948467,2026-08-24,label_created,2026-08-24 02:00:00
EVT-001093,ORDER-00755,dhl,681956955854,2026-08-24,in_transit,2026-08-24 08:00:00
EVT-001094,ORDER-00755,ups,263523747844,2026-08-24,out_for_delivery,2026-08-24 13:00:00
EVT-001095,ORDER-00757,ups,520575085409,2026-08-10,label_created,2026-08-10 02:00:00
EVT-001096,ORDER-00757,dhl,271464784118,2026-08-10,in_transit,2026-08-10 11:00:00
EVT-001097,ORDER-00757,fedex,262451716667,2026-08-10,out_for_delivery,2026-08-10 16:00:00
EVT-001098,ORDER-00758,dhl,916048963412,2026-09-12,label_created,2026-09-12 03:00:00
EVT-001099,ORDER-00758,dhl,603498951758,2026-09-12,in_transit,2026-09-12 08:00:00
EVT-001100,ORDER-00759,usps,728046981545,2026-06-16,label_created,2026-06-16 04:00:00
EVT-001101,ORDER-00759,ups,682270447328,2026-06-16,in_transit,2026-06-16 10:00:00
EVT-001102,ORDER-00759,fedex,479999220561,2026-06-16,out_for_delivery,2026-06-16 13:00:00
EVT-001103,ORDER-00760,usps,266864827475,2026-06-21,label_created,2026-06-21 00:00:00
EVT-001104,ORDER-00760,ups,194660750037,2026-06-21,in_transit,2026-06-21 07:00:00
EVT-001105,ORDER-00761,fedex,851439401962,2026-09-13,label_created,2026-09-13 01:00:00
EVT-001106,ORDER-00761,dhl,589659487538,2026-09-13,in_transit,2026-09-13 10:00:00
EVT-001107,ORDER-00762,dhl,500531338542,2026-08-26,label_created,2026-08-26 03:00:00
EVT-001108,ORDER-00762,fedex,611023086607,2026-08-26,in_transit,2026-08-26 11:00:00
EVT-001109,ORDER-00762,ups,841360956783,2026-08-26,out_for_delivery,2026-08-26 14:00:00
EVT-001110,ORDER-00763,fedex,386461398275,2026-06-21,label_created,2026-06-21 00:00:00
EVT-001111,ORDER-00764,fedex,658338130937,2026-07-09,label_created,2026-07-09 03:00:00
EVT-001112,ORDER-00765,ups,979212810908,2026-09-17,label_created,2026-09-17 04:00:00
EVT-001113,ORDER-00765,fedex,849067779415,2026-09-17,in_transit,2026-09-17 06:00:00
EVT-001114,ORDER-00766,usps,955599318115,2026-08-22,label_created,2026-08-22 03:00:00
EVT-001115,ORDER-00767,fedex,298414160832,2026-07-17,label_created,2026-07-17 05:00:00
EVT-001116,ORDER-00767,dhl,075919814690,2026-07-17,in_transit,2026-07-17 10:00:00
EVT-001117,ORDER-00767,fedex,509795716530,2026-07-17,out_for_delivery,2026-07-17 14:00:00
EVT-001118,ORDER-00768,fedex,586727549845,2026-09-08,label_created,2026-09-08 05:00:00
EVT-001119,ORDER-00768,ups,513292349545,2026-09-08,in_transit,2026-09-08 06:00:00
EVT-001120,ORDER-00769,fedex,267543886230,2026-09-17,label_created,2026-09-17 00:00:00
EVT-001121,ORDER-00769,ups,761415606107,2026-09-17,in_transit,2026-09-17 10:00:00
EVT-001122,ORDER-00771,fedex,073802981247,2026-09-21,label_created,2026-09-21 02:00:00
EVT-001123,ORDER-00771,ups,653065951376,2026-09-21,in_transit,2026-09-21 08:00:00
EVT-001124,ORDER-00774,usps,822664031811,2026-07-30,label_created,2026-07-30 04:00:00
EVT-001125,ORDER-00774,dhl,476072841141,2026-07-30,in_transit,2026-07-30 08:00:00
EVT-001126,ORDER-00774,usps,931455205794,2026-07-30,out_for_delivery,2026-07-30 12:00:00
EVT-001127,ORDER-00777,ups,937647405014,2026-09-24,label_created,2026-09-24 00:00:00
EVT-001128,ORDER-00777,ups,311742667889,2026-09-24,in_transit,2026-09-24 07:00:00
EVT-001129,ORDER-00778,usps,232614172277,2026-08-22,label_created,2026-08-22 02:00:00
EVT-001130,ORDER-00779,dhl,295735667437,2026-09-13,label_created,2026-09-13 00:00:00
EVT-001131,ORDER-00779,usps,528064369110,2026-09-13,in_transit,2026-09-13 08:00:00
EVT-001132,ORDER-00779,dhl,086577610451,2026-09-13,out_for_delivery,2026-09-13 14:00:00
EVT-001133,ORDER-00783,dhl,036880506060,2026-07-04,label_created,2026-07-04 01:00:00
EVT-001134,ORDER-00784,usps,055498238435,2026-08-13,label_created,2026-08-13 04:00:00
EVT-001135,ORDER-00785,dhl,498636908663,2026-06-30,label_created,2026-06-30 05:00:00
EVT-001136,ORDER-00785,fedex,730185205877,2026-06-30,in_transit,2026-06-30 11:00:00
EVT-001137,ORDER-00786,fedex,953821548040,2026-09-21,label_created,2026-09-21 04:00:00
EVT-001138,ORDER-00786,ups,645473918453,2026-09-21,in_transit,2026-09-21 09:00:00
EVT-001139,ORDER-00787,fedex,606101354949,2026-08-09,label_created,2026-08-09 05:00:00
EVT-001140,ORDER-00787,dhl,454471873921,2026-08-09,in_transit,2026-08-09 11:00:00
EVT-001141,ORDER-00787,usps,321768138230,2026-08-09,out_for_delivery,2026-08-09 15:00:00
EVT-001142,ORDER-00789,ups,822130998089,2026-07-04,label_created,2026-07-04 04:00:00
EVT-001143,ORDER-00789,usps,999973648990,2026-07-04,in_transit,2026-07-04 09:00:00
EVT-001144,ORDER-00790,ups,511673294608,2026-09-15,label_created,2026-09-15 04:00:00
EVT-001145,ORDER-00790,ups,197095163024,2026-09-15,in_transit,2026-09-15 11:00:00
EVT-001146,ORDER-00790,fedex,209607970775,2026-09-15,out_for_delivery,2026-09-15 15:00:00
EVT-001147,ORDER-00791,dhl,424379704696,2026-06-27,label_created,2026-06-27 00:00:00
EVT-001148,ORDER-00793,dhl,516631104029,2026-07-30,label_created,2026-07-30 05:00:00
EVT-001149,ORDER-00793,ups,508274622162,2026-07-30,in_transit,2026-07-30 11:00:00
EVT-001150,ORDER-00793,ups,688517250558,2026-07-30,out_for_delivery,2026-07-30 16:00:00
EVT-001151,ORDER-00794,fedex,250983336496,2026-09-15,label_created,2026-09-15 01:00:00
EVT-001152,ORDER-00794,dhl,873948122838,2026-09-15,in_transit,2026-09-15 10:00:00
EVT-001153,ORDER-00794,ups,122191161862,2026-09-15,out_for_delivery,2026-09-15 13:00:00
EVT-001154,ORDER-00795,usps,201238027612,2026-09-18,label_created,2026-09-18 01:00:00
EVT-001155,ORDER-00796,ups,139820741347,2026-08-21,label_created,2026-08-21 02:00:00
EVT-001156,ORDER-00796,usps,206080781208,2026-08-21,in_transit,2026-08-21 08:00:00
EVT-001157,ORDER-00798,dhl,175915329354,2026-08-04,label_created,2026-08-04 01:00:00
EVT-001158,ORDER-00798,dhl,371392425231,2026-08-04,in_transit,2026-08-04 09:00:00
EVT-001159,ORDER-00798,usps,070257904189,2026-08-04,out_for_delivery,2026-08-04 14:00:00
EVT-001160,ORDER-00799,ups,980260852455,2026-07-25,label_created,2026-07-25 00:00:00
EVT-001161,ORDER-00799,dhl,001859586112,2026-07-25,in_transit,2026-07-25 06:00:00
EVT-001162,ORDER-00799,fedex,890523564278,2026-07-25,out_for_delivery,2026-07-25 17:00:00
EVT-001163,ORDER-00800,usps,600447287013,2026-08-08,label_created,2026-08-08 05:00:00
EVT-001164,ORDER-00800,usps,262840597552,2026-08-08,in_transit,2026-08-08 10:00:00
EVT-001165,ORDER-00800,dhl,935466953547,2026-08-08,out_for_delivery,2026-08-08 13:00:00
